condition,measure,observed,estimated
scalpel loading,force (N),0.0559534430503845,1.7320225191116332
scalpel loading,force (N),0.1115798890590667,1.801845541000366
scalpel loading,force (N),0.1854224026203155,1.871652355194092
scalpel loading,force (N),0.2773188531398773,1.9414817667007445
scalpel loading,force (N),0.3684019148349762,2.011329174041748
scalpel loading,force (N),0.4586743175983429,2.081181745529175
scalpel loading,force (N),0.5481388092041015,2.1511147594451905
scalpel loading,force (N),0.636798119544983,2.221055951118469
scalpel loading,force (N),0.7246549606323243,2.2912218093872068
scalpel loading,force (N),0.8117120862007141,2.361245989799499
scalpel loading,force (N),0.8979722142219544,2.43141261100769
scalpel loading,force (N),0.9834380984306336,2.501419906616211
scalpel loading,force (N),1.0681124448776247,2.571625623703002
scalpel loading,force (N),1.151998007297516,2.641765441894531
scalpel loading,force (N),1.2350975036621097,2.711958184242248
scalpel loading,force (N),1.317413687705994,2.782262363433837
scalpel loading,force (N),1.3989492654800415,2.852672524452209
scalpel loading,force (N),1.4797070026397707,2.9229021692276
scalpel loading,force (N),1.5596895933151245,2.993178811073302
scalpel loading,force (N),1.638899803161621,3.0636647224426263
scalpel loading,force (N),1.717340397834778,3.1342744541168206
scalpel loading,force (N),1.795013999938965,3.204794073104858
scalpel loading,force (N),1.871923422813416,3.2753176212310784
scalpel loading,force (N),1.9480714082717887,3.3458612680435182
scalpel loading,force (N),2.023460674285889,3.41642852306366
scalpel loading,force (N),2.098093914985657,3.48710355758667
scalpel loading,force (N),2.171973943710327,3.488790745735169
scalpel loading,force (N),2.245103406906128,3.490442361831666
scalpel loading,force (N),2.3174850940704346,3.492230272293092
scalpel loading,force (N),2.389121675491333,3.493770213127137
scalpel loading,force (N),2.4600159168243407,3.495496101379395
scalpel loading,force (N),2.5301705837249755,3.497464952468872
scalpel loading,force (N),2.599588394165039,3.499393920898437
scalpel loading,force (N),2.668272066116333,3.5013677978515623
scalpel loading,force (N),2.7362243652343747,3.503092603683472
scalpel loading,force (N),2.803447961807251,3.5049057006835938
scalpel loading,force (N),2.869945621490479,3.5065235471725464
scalpel loading,force (N),2.935720109939576,3.508146533966064
scalpel loading,force (N),3.000774097442628,3.510114488601685
scalpel loading,force (N),3.065110349655152,3.512078061103821
scalpel loading,force (N),3.128731679916382,3.5138701868057254
scalpel loading,force (N),3.191640758514404,3.515415935516357
scalpel loading,force (N),3.253840208053589,3.516920065879822
scalpel loading,force (N),3.3153329372406004,3.518565511703492
scalpel loading,force (N),3.3761215209960938,3.520077385902405
scalpel loading,force (N),3.436208724975586,3.521769022941589
scalpel loading,force (N),3.4955973625183105,3.523355693817139
scalpel loading,force (N),3.554290151596069,3.525115566253662
scalpel loading,force (N),3.612289762496948,3.526953072547913
scalpel loading,force (N),3.669599008560181,3.528579859733582
scalpel loading,force (N),3.726220655441284,3.529977316856384
scalpel loading,force (N),3.782157230377197,3.5313742113113404
scalpel loading,force (N),3.837411642074585,3.5329488945007324
scalpel loading,force (N),3.891986513137817,3.5344523811340327
scalpel loading,force (N),3.94588475227356,3.5359670400619505
scalpel loading,force (N),3.999108934402466,3.537497062683105
scalpel loading,force (N),4.05166187286377,3.539094209671021
scalpel loading,force (N),4.103546285629273,3.5406505823135377
scalpel loading,force (N),4.154764938354492,3.5419894361495974
scalpel loading,force (N),4.205320453643799,3.5435116291046147
scalpel loading,force (N),4.2552155494689945,3.544988608360291
scalpel loading,force (N),4.304453086853028,3.546417741775513
scalpel loading,force (N),4.353035736083985,3.5477275133132937
scalpel loading,force (N),4.400966262817383,3.5490647888183595
scalpel loading,force (N),4.448247337341309,3.550452766418457
scalpel loading,force (N),4.494881820678711,3.551696348190308
scalpel loading,force (N),4.540872383117676,3.5528214883804323
scalpel loading,force (N),4.586221694946289,3.554393439292908
scalpel loading,force (N),4.6309325218200685,3.555828123092652
scalpel loading,force (N),4.675007629394531,3.557093334197998
scalpel loading,force (N),4.718449687957763,3.558263945579529
scalpel loading,force (N),4.761261463165283,3.559545569419861
scalpel loading,force (N),4.803445720672608,3.560749402046204
scalpel loading,force (N),4.845005130767823,3.5619327306747435
scalpel loading,force (N),4.885942459106446,3.563176026344299
scalpel loading,force (N),4.926260375976563,3.616864490509033
scalpel loading,force (N),4.965961647033692,3.670545725822449
scalpel loading,force (N),5.005049037933349,3.724213528633118
scalpel loading,force (N),5.043525314331054,3.777733478546143
scalpel loading,force (N),5.081393241882324,3.831485028266907
scalpel loading,force (N),5.118655490875244,3.885010361671448
scalpel loading,force (N),5.155314826965332,3.938396253585816
scalpel loading,force (N),5.1913739204406735,3.991942644119263
scalpel loading,force (N),5.226835536956788,4.045282621383668
scalpel loading,force (N),5.261702346801758,4.098753700256347
scalpel loading,force (N),5.295977210998535,4.152253308296203
scalpel loading,force (N),5.329662704467774,4.205870680809021
scalpel loading,force (N),5.362761688232422,4.259400095939636
scalpel loading,force (N),5.395276832580567,4.312773451805114
scalpel loading,force (N),5.427210807800293,4.365966238975525
scalpel loading,force (N),5.458566474914552,4.419272923469544
scalpel loading,force (N),5.489346504211426,4.472619285583495
scalpel loading,force (N),5.519553661346436,4.526058926582335
scalpel loading,force (N),5.5491906166076665,4.579305782318115
scalpel loading,force (N),5.578260231018067,4.6327226352691655
scalpel loading,force (N),5.606765079498292,4.686118884086609
scalpel loading,force (N),5.634708118438721,4.739412260055542
scalpel loading,force (N),5.662091827392578,4.792733907699586
scalpel loading,force (N),5.6889190673828125,4.845815978050232
scalpel loading,force (N),5.715192604064942,4.899045333862304
scalpel loading,force (N),5.740915107727052,4.952296609878541
scalpel loading,force (N),5.766089248657227,5.005500998497009
scalpel loading,force (N),5.790717887878418,5.058655185699462
scalpel loading,force (N),5.814803695678712,5.111908259391785
scalpel loading,force (N),5.838349342346192,5.165002722740174
scalpel loading,force (N),5.8613576889038095,5.218187103271485
scalpel loading,force (N),5.88383140563965,5.2710571861267095
scalpel loading,force (N),5.905773162841798,5.324238796234131
scalpel loading,force (N),5.927185821533204,5.377285056114197
scalpel loading,force (N),5.948072052001954,5.430189528465272
scalpel loading,force (N),5.968434524536133,5.483088402748108
scalpel loading,force (N),5.98827600479126,5.536231374740601
scalpel loading,force (N),6.007599353790283,5.58926034450531
scalpel loading,force (N),6.026407146453858,5.642324781417846
scalpel loading,force (N),6.044702243804933,5.695338606834411
scalpel loading,force (N),6.062487316131593,5.748368883132934
scalpel loading,force (N),6.079765033721924,5.8013330173492434
scalpel loading,force (N),6.096538162231446,5.85404450416565
scalpel loading,force (N),6.112809467315674,5.906847376823425
scalpel loading,force (N),6.128581619262695,5.959704275131227
scalpel loading,force (N),6.143857479095459,6.012433753013611
scalpel loading,force (N),6.158639717102052,6.065129990577698
scalpel loading,force (N),6.172931098937989,6.117957615852355
scalpel loading,force (N),6.186734294891358,6.170774602890014
scalpel loading,force (N),6.2000520706176765,6.223644943237304
scalpel loading,force (N),6.21288709640503,6.223901052474975
scalpel loading,force (N),6.225242137908936,6.224335289001465
scalpel loading,force (N),6.237119960784913,6.224604434967041
scalpel loading,force (N),6.248523235321046,6.224936590194703
scalpel loading,force (N),6.2594547271728525,6.225085763931275
scalpel loading,force (N),6.269917201995851,6.225622615814209
scalpel loading,force (N),6.279913425445557,6.22571928024292
scalpel loading,force (N),6.289445972442628,6.225956344604492
scalpel loading,force (N),6.298517799377442,6.226144752502441
scalpel loading,force (N),6.307131481170655,6.226371994018555
scalpel loading,force (N),6.315289783477783,6.22656081199646
scalpel loading,force (N),6.322995471954346,6.226736907958984
scalpel loading,force (N),6.330251312255861,6.226861734390259
scalpel loading,force (N),6.337059879302979,6.227013940811157
scalpel loading,force (N),6.343424034118653,6.227247142791748
scalpel loading,force (N),6.349346446990968,6.227553281784058
scalpel loading,force (N),6.354829883575439,6.22774920463562
scalpel loading,force (N),6.359877014160157,6.2279068470001215
scalpel loading,force (N),6.364490699768067,6.228091077804565
scalpel loading,force (N),6.368673610687256,6.228282175064087
scalpel loading,force (N),6.372428512573242,6.228351402282715
scalpel loading,force (N),6.375758075714112,6.228397188186645
scalpel loading,force (N),6.3786650657653805,6.22845585823059
scalpel loading,force (N),6.381152248382569,6.228638982772828
scalpel loading,force (N),6.383222293853761,6.2286523246765135
scalpel loading,force (N),6.3848779678344725,6.228718404769897
scalpel loading,force (N),6.386121940612794,6.228898582458496
scalpel loading,force (N),6.38695707321167,6.229031925201416
scalpel loading,force (N),6.387385940551758,6.229030275344849
scalpel loading,force (N),6.387411403656006,6.229114398956298
scalpel loading,force (N),6.3870361328125,6.229060096740723
scalpel loading,force (N),6.386262989044189,6.229189672470094
scalpel loading,force (N),6.385094547271729,6.229093532562256
scalpel loading,force (N),6.383533573150635,6.229097900390625
scalpel loading,force (N),6.381582832336426,6.229132251739502
scalpel loading,force (N),6.379244995117188,6.229051399230957
scalpel loading,force (N),6.376522827148438,6.228972597122191
scalpel loading,force (N),6.373419094085694,6.2290660572052
scalpel loading,force (N),6.369936561584472,6.228988704681397
scalpel loading,force (N),6.36607780456543,6.228932218551637
scalpel loading,force (N),6.361845779418945,6.228934535980224
scalpel loading,force (N),6.357243061065674,6.229039602279663
scalpel loading,force (N),6.352272415161133,6.229054737091064
scalpel loading,force (N),6.346936511993409,6.229043951034546
scalpel loading,force (N),6.341238307952882,6.228981018066407
scalpel loading,force (N),6.335180282592773,6.22894241333008
scalpel loading,force (N),6.328765296936036,6.228985786437989
scalpel loading,force (N),6.321996021270753,6.228828582763672
scalpel loading,force (N),6.314875316619873,6.228720254898072
scalpel loading,force (N),6.307405662536622,6.228463850021363
scalpel loading,force (N),6.299590015411377,6.206955528259278
scalpel loading,force (N),6.291431045532227,6.185245180130005
scalpel loading,force (N),6.282931518554689,6.163792848587037
scalpel loading,force (N),6.274094104766846,6.142164583206178
scalpel loading,force (N),6.26492166519165,6.120743618011476
scalpel loading,force (N),6.255416774749756,6.098988590240479
scalpel loading,force (N),6.24558219909668,6.077677469253541
scalpel loading,force (N),6.23542070388794,6.056120424270631
scalpel loading,force (N),6.224935054779053,6.03458990097046
scalpel loading,force (N),6.214127922058106,6.012910089492798
scalpel loading,force (N),6.203001976013184,5.99126410484314
scalpel loading,force (N),6.191560077667236,5.969753551483154
scalpel loading,force (N),6.17980489730835,5.9483537578582775
scalpel loading,force (N),6.167739200592041,5.926843223571778
scalpel loading,force (N),6.1553656578063976,5.905262031555176
scalpel loading,force (N),6.142687225341797,5.883552312850952
scalpel loading,force (N),6.129706382751465,5.862137546539307
scalpel loading,force (N),6.11642599105835,5.840642862319947
scalpel loading,force (N),6.102848720550537,5.819006986618042
scalpel loading,force (N),6.088977336883546,5.797434349060059
scalpel loading,force (N),6.074814510345459,5.775911283493043
scalpel loading,force (N),6.060363006591797,5.754401226043703
scalpel loading,force (N),6.0456255912780765,5.732848310470581
scalpel loading,force (N),6.030604934692383,5.711236982345581
scalpel loading,force (N),6.0153038024902346,5.689738388061524
scalpel loading,force (N),5.999724960327149,5.668230552673341
scalpel loading,force (N),5.983871173858644,5.646588468551637
scalpel loading,force (N),5.9677451133728034,5.62494541168213
scalpel loading,force (N),5.951349449157716,5.603493671417236
scalpel loading,force (N),5.9346870422363285,5.582062702178956
scalpel loading,force (N),5.917760562896729,5.560650110244751
scalpel loading,force (N),5.900572681427002,5.539034652709961
scalpel loading,force (N),5.883126163482666,5.5174307346344
scalpel loading,force (N),5.865423870086671,5.495807762145996
scalpel loading,force (N),5.8474684715271,5.474219083786012
scalpel loading,force (N),5.829262638092041,5.452703332901002
scalpel loading,force (N),5.810809135437013,5.431226282119751
scalpel loading,force (N),5.792110729217529,5.409632301330566
scalpel loading,force (N),5.77317008972168,5.388191900253296
scalpel loading,force (N),5.753989982604981,5.36661277770996
scalpel loading,force (N),5.734573078155519,5.345016756057739
scalpel loading,force (N),5.71492223739624,5.323383779525757
scalpel loading,force (N),5.695040130615235,5.301757154464721
scalpel loading,force (N),5.674929428100587,5.280300016403198
scalpel loading,force (N),5.654592895507814,5.258583459854126
scalpel loading,force (N),5.634033298492431,5.237068929672241
scalpel loading,force (N),5.613253402709962,5.215313739776612
scalpel loading,force (N),5.592255878448487,5.193893413543702
scalpel loading,force (N),5.571043491363525,5.172476072311401
scalpel loading,force (N),5.549618911743164,5.150897064208984
scalpel loading,force (N),5.527985000610352,5.150677165985107
scalpel loading,force (N),5.506144332885743,5.15051851272583
scalpel loading,force (N),5.4840997695922855,5.150209646224975
scalpel loading,force (N),5.461853981018067,5.150151214599609
scalpel loading,force (N),5.439409732818604,5.1498378467559816
scalpel loading,force (N),5.416769695281984,5.149843769073486
scalpel loading,force (N),5.393936729431153,5.149530248641968
scalpel loading,force (N),5.370913410186768,5.149245595932007
scalpel loading,force (N),5.347702598571777,5.149166383743286
scalpel loading,force (N),5.324306964874267,5.149027824401856
scalpel loading,force (N),5.300729274749756,5.1489301109313965
scalpel loading,force (N),5.2769721984863285,5.148812360763549
scalpel loading,force (N),5.253038501739503,5.148586597442627
scalpel loading,force (N),5.228930950164795,5.1483407306671145
scalpel loading,force (N),5.204652214050293,5.148121480941773
scalpel loading,force (N),5.180205059051514,5.148022079467774
scalpel loading,force (N),5.155592250823975,5.14776035308838
scalpel loading,force (N),5.130816459655763,5.14751591682434
scalpel loading,force (N),5.105880451202393,5.147504577636719
scalpel loading,force (N),5.0807869911193855,5.147289094924926
scalpel loading,force (N),5.055538749694824,5.147079038619996
scalpel loading,force (N),5.030138492584229,5.146868963241578
scalpel loading,force (N),5.004588985443116,5.146505317687989
scalpel loading,force (N),4.978892898559571,5.146287899017334
scalpel loading,force (N),4.953052997589111,5.145796365737915
scalpel loading,force (N),4.927072048187256,5.145523338317871
scalpel loading,force (N),4.90095272064209,5.145302934646606
scalpel loading,force (N),4.874697780609131,5.145057334899903
scalpel loading,force (N),4.848309898376465,5.144757642745971
scalpel loading,force (N),4.821791934967042,5.144415082931518
scalpel loading,force (N),4.795146465301514,5.144129495620727
scalpel loading,force (N),4.768376350402832,5.143985500335694
scalpel loading,force (N),4.741484260559083,5.143778409957887
scalpel loading,force (N),4.714472961425781,5.143464765548707
scalpel loading,force (N),4.687345123291016,5.143303527832032
scalpel loading,force (N),4.660103607177734,5.143116283416749
scalpel loading,force (N),4.632750988006592,5.142750101089478
scalpel loading,force (N),4.605290126800536,5.1424302482604975
scalpel loading,force (N),4.577723789215088,5.142140197753906
scalpel loading,force (N),4.550054550170898,5.14196608543396
scalpel loading,force (N),4.522285175323487,5.141752882003785
scalpel loading,force (N),4.494418525695801,5.1414701271057135
scalpel loading,force (N),4.466457176208497,5.141283054351808
scalpel loading,force (N),4.4384038925170906,5.140900907516479
scalpel loading,force (N),4.410261535644532,5.140749254226685
scalpel loading,force (N),4.382032775878907,5.140464849472046
scalpel loading,force (N),4.353720283508301,5.140227537155153
scalpel loading,force (N),4.325326824188233,5.139972753524781
scalpel loading,force (N),4.296855163574219,5.139636878967285
scalpel loading,force (N),4.268307971954346,5.139516181945801
scalpel loading,force (N),4.2396880149841305,5.086201119422913
scalpel loading,force (N),4.2109979629516605,5.032828521728516
scalpel loading,force (N),4.182240676879883,4.979588241577148
scalpel loading,force (N),4.153418827056885,4.926217045783996
scalpel loading,force (N),4.124535179138184,4.873025288581848
scalpel loading,force (N),4.095592403411866,4.819590849876404
scalpel loading,force (N),4.066593265533448,4.766239166259766
scalpel loading,force (N),4.037540483474731,4.712790699005127
scalpel loading,force (N),4.008436822891236,4.659431262016296
scalpel loading,force (N),3.979284954071045,4.606138696670532
scalpel loading,force (N),3.950087690353394,4.552868905067443
scalpel loading,force (N),3.920847797393799,4.499362783432006
scalpel loading,force (N),3.891567897796632,4.445858821868896
scalpel loading,force (N),3.862250709533692,4.392509136199951
scalpel loading,force (N),3.832899045944214,4.339125223159789
scalpel loading,force (N),3.803515577316285,4.2857136106491085
scalpel loading,force (N),3.774102973937989,4.232318038940431
scalpel loading,force (N),3.744664096832276,4.179122576713563
scalpel loading,force (N),3.7152017593383793,4.125787172317506
scalpel loading,force (N),3.685718536376953,4.072504739761354
scalpel loading,force (N),3.656217241287232,4.019117822647095
scalpel loading,force (N),3.626700687408448,3.965816431045533
scalpel loading,force (N),3.597171497344971,3.912726745605469
scalpel loading,force (N),3.567632293701172,3.859285287857056
scalpel loading,force (N),3.5380858421325687,3.806270084381104
scalpel loading,force (N),3.50853500366211,3.753030366897583
scalpel loading,force (N),3.47898235321045,3.699764575958252
scalpel loading,force (N),3.4494307041168217,3.646503620147705
scalpel loading,force (N),3.419882965087891,3.5931017446517943
scalpel loading,force (N),3.390341711044312,3.539718289375305
scalpel loading,force (N),3.3608096599578863,3.486468863487244
scalpel loading,force (N),3.331289577484131,3.4331058406829835
scalpel loading,force (N),3.301784181594849,3.379757952690124
scalpel loading,force (N),3.272296142578125,3.326492848396301
scalpel loading,force (N),3.242828369140625,3.2733356475830075
scalpel loading,force (N),3.213383436203003,3.2199988746643062
scalpel loading,force (N),3.183964157104492,3.166873626708984
scalpel loading,force (N),3.1545732975006104,3.113456335067749
scalpel loading,force (N),3.125213432312012,3.060071229934692
scalpel loading,force (N),3.09588737487793,3.006722927093506
scalpel loading,force (N),3.066597890853882,2.953277087211609
scalpel loading,force (N),3.03734769821167,2.90008282661438
scalpel loading,force (N),3.008139514923096,2.8467866802215576
scalpel loading,force (N),2.978976106643677,2.7936444902420043
scalpel loading,force (N),2.9498601913452145,2.740391817092896
scalpel loading,force (N),2.920794439315796,2.687120914459229
scalpel loading,force (N),2.891781663894653,2.6339783477783207
scalpel loading,force (N),2.862824535369873,2.580617938041687
scalpel loading,force (N),2.8339258193969727,2.5272731733322145
scalpel loading,force (N),2.8050882816314697,2.4738291215896604
scalpel loading,force (N),2.7763146400451664,2.4735761976242063
scalpel loading,force (N),2.747607612609863,2.473551640510559
scalpel loading,force (N),2.7189699649810795,2.4735193824768067
scalpel loading,force (N),2.6904044151306152,2.473173580169678
scalpel loading,force (N),2.6619136333465576,2.4728827714920043
scalpel loading,force (N),2.63350043296814,2.472533340454101
scalpel loading,force (N),2.605167484283448,2.4723691415786746
scalpel loading,force (N),2.5769175529479984,2.472227687835693
scalpel loading,force (N),2.5487533569335943,2.47192096233368
scalpel loading,force (N),2.5206776618957525,2.471698441505432
scalpel loading,force (N),2.4926931381225588,2.471418991088868
scalpel loading,force (N),2.464802598953247,2.4713703060150145
scalpel loading,force (N),2.437008714675904,2.471390399932861
scalpel loading,force (N),2.409314250946045,2.4712509870529176
scalpel loading,force (N),2.381721925735474,2.4711714553833013
scalpel loading,force (N),2.354234504699708,2.471032719612122
scalpel loading,force (N),2.3268546581268312,2.4709705018997195
scalpel loading,force (N),2.2995851516723635,2.4707025146484374
scalpel loading,force (N),2.2724287033081056,2.47048487663269
scalpel loading,force (N),2.2453880786895755,2.470161590576172
scalpel loading,force (N),2.2184659957885744,2.4698771810531617
scalpel loading,force (N),2.19166522026062,2.4696968746185304
scalpel loading,force (N),2.1649884223937987,2.469310841560364
scalpel loading,force (N),2.138438367843628,2.469276123046875
scalpel loading,force (N),2.112017822265625,2.468960680961609
scalpel loading,force (N),2.085729455947876,2.468686170578003
scalpel loading,force (N),2.059576034545899,2.4684246540069585
scalpel loading,force (N),2.033560276031494,2.4681811857223512
scalpel loading,force (N),2.0076849460601807,2.4680545997619627
scalpel loading,force (N),1.981952714920044,2.467876477241516
scalpel loading,force (N),1.9563663721084592,2.467525033950805
scalpel loading,force (N),1.9309285879135127,2.4674101209640504
scalpel loading,force (N),1.9056421756744384,2.467291779518128
scalpel loading,force (N),1.8805098533630369,2.46712640285492
scalpel loading,force (N),1.8555343151092527,2.4667943811416624
scalpel loading,force (N),1.830718302726746,2.466743927001953
scalpel loading,force (N),1.8060646057128904,2.466536421775818
scalpel loading,force (N),1.7815759181976318,2.466508135795593
scalpel loading,force (N),1.7572549104690554,2.4663331365585326
scalpel loading,force (N),1.7331043958663943,2.4661541318893434
scalpel loading,force (N),1.7091270923614503,2.466190648078918
scalpel loading,force (N),1.6853256940841674,2.4660341453552244
scalpel loading,force (N),1.6617029905319214,2.465802025794983
scalpel loading,force (N),1.6382616758346558,2.465566725730896
scalpel loading,force (N),1.6150044679641722,2.465340180397034
scalpel loading,force (N),1.5919341325759888,2.465182204246521
scalpel loading,force (N),1.5690534114837646,2.4649971723556523
scalpel loading,force (N),1.546364974975586,2.464820380210877
scalpel loading,force (N),1.523871636390686,2.4646793079376224
scalpel loading,force (N),1.5015761137008667,2.4646500730514527
scalpel loading,force (N),1.4794811010360718,2.425328480005265
scalpel loading,force (N),1.457589340209961,2.3858302474021915
scalpel loading,force (N),1.4359035968780516,2.3462077921628954
scalpel loading,force (N),1.414426565170288,2.3070372599363327
scalpel loading,force (N),1.3931609869003296,2.267684460878372
scalpel loading,force (N),1.3721096277236935,2.2284939420223235
scalpel loading,force (N),1.3512751817703248,2.1891314673423765
scalpel loading,force (N),1.330660390853882,2.1498102736473084
scalpel loading,force (N),1.310267996788025,2.110448062419892
scalpel loading,force (N),1.2901007175445558,2.071099410057068
scalpel loading,force (N),1.270161294937134,2.03180494427681
scalpel loading,force (N),1.250452470779419,1.9923855555057528
scalpel loading,force (N),1.2309769630432128,1.95295240521431
scalpel loading,force (N),1.2117375373840331,1.913590018749237
scalpel loading,force (N),1.1927369117736817,1.874167911410332
scalpel loading,force (N),1.17397780418396,1.834713158607483
scalpel loading,force (N),1.15546293258667,1.7953349268436434
scalpel loading,force (N),1.1371950626373293,1.755872533917427
scalpel loading,force (N),1.1191768884658813,1.716412386894226
scalpel loading,force (N),1.1014111757278444,1.677097611427307
scalpel loading,force (N),1.0839006662368775,1.6378833198547362
scalpel loading,force (N),1.066648077964783,1.5985289269685743
scalpel loading,force (N),1.04965615272522,1.5592278432846067
scalpel loading,force (N),1.0329276084899903,1.5197422927618027
scalpel loading,force (N),1.0164650201797485,1.4803988534212111
scalpel loading,force (N),1.000270211696625,1.4410867065191268
scalpel loading,force (N),0.9843441367149354,1.4017582201957703
scalpel loading,force (N),0.9686867594718932,1.3624463647603988
scalpel loading,force (N),0.9532971739768984,1.3230269259214402
scalpel loading,force (N),0.9381737470626832,1.2836604034900665
scalpel loading,force (N),0.92331463098526,1.2443078303337096
scalpel loading,force (N),0.9087180376052856,1.2049263465404512
scalpel loading,force (N),0.894382131099701,1.165530225634575
scalpel loading,force (N),0.8803051471710206,1.1263472634553908
scalpel loading,force (N),0.8664852023124696,1.0869420886039731
scalpel loading,force (N),0.8529205203056336,1.0475718069076538
scalpel loading,force (N),0.8396092653274536,1.0081523287296297
scalpel loading,force (N),0.8265496373176575,0.9687750065326692
scalpel loading,force (N),0.8137398004531862,0.9294913339614868
scalpel loading,force (N),0.801177978515625,0.890155440568924
scalpel loading,force (N),0.7888623476028443,0.8507120090723038
scalpel loading,force (N),0.7767910718917848,0.811225078701973
scalpel loading,force (N),0.7649623513221742,0.7718869364261628
scalpel loading,force (N),0.7533743619918823,0.7325283694267274
scalpel loading,force (N),0.7420253038406373,0.693281980752945
scalpel loading,force (N),0.7309133410453796,0.65396040558815
scalpel loading,force (N),0.7200366735458374,0.6145689058303834
scalpel loading,force (N),0.7093934774398805,0.5753099209070206
scalpel loading,force (N),0.6989819526672363,0.5359879589080812
scalpel loading,force (N),0.6888002753257751,0.4966045266389847
scalpel loading,force (N),0.6788466334342957,0.4965054535865783
scalpel loading,force (N),0.6691192150115968,0.4965403527021408
scalpel loading,force (N),0.6596162080764771,0.4964142495393753
scalpel loading,force (N),0.6503357887268066,0.4962290853261947
scalpel loading,force (N),0.6412761330604554,0.4961475557088852
scalpel loading,force (N),0.6324354410171509,0.4960208851099014
scalpel loading,force (N),0.6238119006156921,0.4959366810321807
scalpel loading,force (N),0.615403687953949,0.4959205347299575
scalpel loading,force (N),0.6072089910507202,0.495767114162445
scalpel loading,force (N),0.5992259979248047,0.495669572353363
scalpel loading,force (N),0.5914528965950012,0.4955925387144089
scalpel loading,force (N),0.5838878631591797,0.495534576177597
scalpel loading,force (N),0.5765290856361389,0.4955195111036301
scalpel loading,force (N),0.5693747520446777,0.4954091489315032
scalpel loading,force (N),0.562423050403595,0.4953811365365981
scalpel loading,force (N),0.5556721687316895,0.4953292870521545
scalpel loading,force (N),0.5491202831268311,0.4951266604661942
scalpel loading,force (N),0.5427655816078186,0.4952135515213012
scalpel loading,force (N),0.5366062521934509,0.4952573305368423
scalpel loading,force (N),0.5306404829025269,0.4951670295000077
scalpel loading,force (N),0.5248664498329163,0.4951443272829056
scalpel loading,force (N),0.519282341003418,0.4949929410219192
scalpel loading,force (N),0.5138863444328309,0.4949089539051055
scalpel loading,force (N),0.5086766541004182,0.4948523670434951
scalpel loading,force (N),0.5036514341831206,0.4948296469449996
scalpel loading,force (N),0.498808890581131,0.4947541028261184
scalpel loading,force (N),0.4941471993923187,0.4946735352277756
scalpel loading,force (N),0.4896645545959472,0.4945797735452652
scalpel loading,force (N),0.4853591322898865,0.4945873177051544
scalpel loading,force (N),0.4812291264533996,0.4946386069059372
scalpel loading,force (N),0.4772727012634277,0.4946101826429366
scalpel loading,force (N),0.4734880685806274,0.4945481467247008
scalpel loading,force (N),0.4698733925819397,0.4944168418645858
scalpel loading,force (N),0.4664268612861633,0.4942196553945541
scalpel loading,force (N),0.463146674633026,0.4942401975393294
scalpel loading,force (N),0.4600310027599334,0.494035660624504
scalpel loading,force (N),0.4570780396461487,0.494054707288742
scalpel loading,force (N),0.4542859733104706,0.494059237241745
scalpel loading,force (N),0.4516529858112335,0.4940521228313446
scalpel loading,force (N),0.4491772592067719,0.4940568041801452
scalpel loading,force (N),0.4468569815158844,0.4940491485595703
scalpel loading,force (N),0.4446903347969055,0.4940972304344178
scalpel loading,force (N),0.442675507068634,0.4941275662183761
scalpel loading,force (N),0.4408106923103332,0.4940876424312592
scalpel loading,force (N),0.4390940725803375,0.4939995849132538
scalpel loading,force (N),0.4375238299369812,0.4939931786060333
scalpel loading,force (N),0.4360981404781341,0.494045306444168
scalpel loading,force (N),0.4348151981830596,0.4940921813249587
scalpel loading,force (N),0.4336731851100922,0.4940957200527191
scalpel loading,force (N),0.4326702892780304,0.494130123257637
scalpel loading,force (N),0.4318046987056733,0.4933212715387344
scalpel loading,force (N),0.4310745894908905,0.4924325406551361
scalpel loading,force (N),0.4304781675338745,0.4917367804050445
scalpel loading,force (N),0.4300135970115661,0.4909554457664489
scalpel loading,force (N),0.4296790659427643,0.4901703369617461
scalpel loading,force (N),0.4294727623462677,0.4893115949630737
scalpel loading,force (N),0.4293928861618042,0.4885117059946059
scalpel loading,force (N),0.4294375956058502,0.4876781505346298
scalpel loading,force (N),0.4296050906181335,0.4870171338319778
scalpel loading,force (N),0.429893547296524,0.486227667927742
scalpel loading,force (N),0.4303011775016785,0.4854147952795029
scalpel loading,force (N),0.4308261454105377,0.4845774894952773
scalpel loading,force (N),0.4314666390419006,0.4837641489505767
scalpel loading,force (N),0.432220846414566,0.4829851418733596
scalpel loading,force (N),0.4330869615077973,0.4821268141269684
scalpel loading,force (N),0.4340631484985351,0.4814083468914032
scalpel loading,force (N),0.4351476013660431,0.4807335299253464
scalpel loading,force (N),0.4363385200500489,0.4798793232440948
scalpel loading,force (N),0.4376340627670289,0.4790596467256545
scalpel loading,force (N),0.4390324413776398,0.4783094626665115
scalpel loading,force (N),0.4405318319797516,0.4774167072772979
scalpel loading,force (N),0.4421304106712341,0.4767435121536255
scalpel loading,force (N),0.4438263654708862,0.4759994429349899
scalpel loading,force (N),0.4456178963184357,0.4752809441089629
scalpel loading,force (N),0.4475031614303589,0.4745412170886993
scalpel loading,force (N),0.4494803667068482,0.4738335937261581
scalpel loading,force (N),0.4515477001667023,0.4731677103042602
scalpel loading,force (N),0.4537033319473267,0.472464525103569
scalpel loading,force (N),0.4559454619884491,0.4716119933128357
scalpel loading,force (N),0.4582722783088683,0.4709005159139632
scalpel loading,force (N),0.4606819450855254,0.4701602977514266
scalpel loading,force (N),0.4631726682186127,0.4695304346084594
scalpel loading,force (N),0.4657426297664642,0.4689441847801208
scalpel loading,force (N),0.4683900177478789,0.4682765388488769
scalpel loading,force (N),0.4711130023002624,0.4674851500988006
scalpel loading,force (N),0.4739097833633423,0.4667885446548461
scalpel loading,force (N),0.4767785310745239,0.4660339510440826
scalpel loading,force (N),0.4797174394130706,0.465258845090866
scalpel loading,force (N),0.4827246904373169,0.4644876360893249
scalpel loading,force (N),0.4857984781265259,0.4636167788505554
scalpel loading,force (N),0.488936984539032,0.4627953481674194
scalpel loading,force (N),0.492138397693634,0.4621089392900467
scalpel loading,force (N),0.4954008936882019,0.4613550859689712
scalpel loading,force (N),0.4987226605415344,0.4607132613658904
scalpel loading,force (N),0.5021018803119659,0.4600429171323776
scalpel loading,force (N),0.5055367469787598,0.4592854446172714
scalpel loading,force (N),0.5090254426002503,0.4585727196931838
scalpel loading,force (N),0.5125661611557008,0.4577135676145553
scalpel loading,force (N),0.516157078742981,0.4569863182306289
scalpel loading,force (N),0.51979638338089,0.4562714958190918
scalpel loading,force (N),0.5234822511672974,0.4562422120571136
scalpel loading,force (N),0.5272128820419311,0.456310366988182
scalpel loading,force (N),0.5309864521026612,0.4564276701211929
scalpel loading,force (N),0.5348011493682862,0.4565080893039703
scalpel loading,force (N),0.538655161857605,0.4565596967935562
scalpel loading,force (N),0.5425466656684875,0.4567200791835785
scalpel loading,force (N),0.5464738488197327,0.4567589449882507
scalpel loading,force (N),0.5504348993301392,0.4567588627338409
scalpel loading,force (N),0.5544280052185059,0.4567845857143402
scalpel loading,force (N),0.5584513545036316,0.4568637257814407
scalpel loading,force (N),0.5625031352043153,0.4568709969520568
scalpel loading,force (N),0.5665815234184266,0.456940421462059
scalpel loading,force (N),0.5706847071647644,0.4568817859888077
scalpel loading,force (N),0.5748108625411987,0.4569180810451507
scalpel loading,force (N),0.5789581775665283,0.4570450246334075
scalpel loading,force (N),0.583124852180481,0.4571204423904419
scalpel loading,force (N),0.5873090624809265,0.4572392666339874
scalpel loading,force (N),0.5915089964866638,0.4572097730636597
scalpel loading,force (N),0.5957228422164917,0.4571832048892974
scalpel loading,force (N),0.5999487757682801,0.4572000223398208
scalpel loading,force (N),0.6041849851608276,0.4573410481214523
scalpel loading,force (N),0.6084296584129334,0.4571954971551895
scalpel loading,force (N),0.612680983543396,0.4571926766633987
scalpel loading,force (N),0.6169371485710144,0.4572159385681152
scalpel loading,force (N),0.6211963295936584,0.457256788611412
scalpel loading,force (N),0.625456714630127,0.4573298996686936
scalpel loading,force (N),0.6297164916992187,0.4573570388555527
scalpel loading,force (N),0.6339738368988037,0.4573564296960831
scalpel loading,force (N),0.6382269382476807,0.4575423955917358
scalpel loading,force (N),0.6424739956855775,0.4575604629516601
scalpel loading,force (N),0.6467131853103638,0.4575980633497238
scalpel loading,force (N),0.6509426832199097,0.4575310349464416
scalpel loading,force (N),0.655160689353943,0.4574163550138473
scalpel loading,force (N),0.6593653917312623,0.4575315350294113
scalpel loading,force (N),0.6635549545288086,0.4576455760002136
scalpel loading,force (N),0.6677275776863099,0.4577597314119338
scalpel loading,force (N),0.6718814492225647,0.4578004872798919
scalpel loading,force (N),0.6760147452354431,0.4577819615602492
scalpel loading,force (N),0.6801256537437439,0.4578680199384689
scalpel loading,force (N),0.6842123746871949,0.4579983276128769
scalpel loading,force (N),0.6882730722427369,0.4580524176359176
scalpel loading,force (N),0.6923059463500977,0.4579802060127257
scalpel loading,force (N),0.6963091731071472,0.4580657720565795
scalpel loading,force (N),0.7002809405326844,0.4580154728889465
scalpel loading,force (N),0.7042194366455079,0.4579903477430343
scalpel loading,force (N),0.7081228494644166,0.4580460077524185
scalpel loading,force (N),0.7119893550872805,0.4581091862916946
scalpel loading,force (N),0.715817153453827,0.4581029224395752
scalpel loading,force (N),0.7196044087409974,0.4581943726539611
scalpel loading,force (N),0.7233493208885193,0.4581833565235138
scalpel loading,force (N),0.7270500659942627,0.4628317123651503
scalpel loading,force (N),0.7307048439979553,0.4675085592269897
scalpel loading,force (N),0.7343118190765382,0.4721160095930099
scalpel loading,force (N),0.7378692030906678,0.4767212867736816
scalpel loading,force (N),0.7413751602172853,0.4812166082859039
scalpel loading,force (N),0.7448278903961181,0.4856764727830886
scalpel loading,force (N),0.7482255578041077,0.490240049958229
scalpel loading,force (N),0.7515663743019104,0.494789011478424
scalpel loading,force (N),0.7548485040664673,0.4993477803468704
scalpel loading,force (N),0.7580701470375062,0.5038455104827881
scalpel loading,force (N),0.7612294793128969,0.5084026551246642
scalpel loading,force (N),0.7643246889114381,0.5129211330413818
scalpel loading,force (N),0.7673539638519287,0.517580474615097
scalpel loading,force (N),0.7703154921531677,0.5221325987577438
scalpel loading,force (N),0.7732074499130249,0.5266490721702576
scalpel loading,force (N),0.7760280251502991,0.5311672353744508
scalpel loading,force (N),0.7787754178047182,0.5355626523494721
scalpel loading,force (N),0.7814477920532228,0.5402346354722977
scalpel loading,force (N),0.7840433359146118,0.5448644816875456
scalpel loading,force (N),0.7865602374076844,0.5494455295801163
scalpel loading,force (N),0.788996696472168,0.5539582073688507
scalpel loading,force (N),0.7913508772850038,0.5586845904588699
scalpel loading,force (N),0.7936209797859193,0.5633049631118773
scalpel loading,force (N),0.7958051800727844,0.567897309064865
scalpel loading,force (N),0.7979017853736878,0.5723465412855149
scalpel loading,force (N),0.7999095678329469,0.5767861187458039
scalpel loading,force (N),0.8018279194831849,0.5813424265384673
scalpel loading,force (N),0.8036568641662598,0.5859396851062775
scalpel loading,force (N),0.8053970575332642,0.5904808872938155
scalpel loading,force (N),0.807049560546875,0.595079869031906
scalpel loading,force (N),0.8086156129837037,0.5995996230840681
scalpel loading,force (N),0.8100964784622193,0.6042424476146698
scalpel loading,force (N),0.8114933490753174,0.6089215582609178
scalpel loading,force (N),0.8128074288368226,0.6133885234594346
scalpel loading,force (N),0.814039981365204,0.6179675263166428
scalpel loading,force (N),0.8151922464370729,0.6224597334861754
scalpel loading,force (N),0.8162654042243959,0.6269206011295317
scalpel loading,force (N),0.8172607302665711,0.6314699333906173
scalpel loading,force (N),0.8181794047355653,0.6360072821378707
scalpel loading,force (N),0.8190226793289186,0.6405003863573073
scalpel loading,force (N),0.8197917580604555,0.6450819671154021
scalpel loading,force (N),0.820487892627716,0.6497877764701843
scalpel loading,force (N),0.8211122751235962,0.6542948246002197
scalpel loading,force (N),0.8216661810874939,0.6588177871704102
scalpel loading,force (N),0.8221507906913758,0.6632745122909547
scalpel loading,force (N),0.8225673437118531,0.6678333055973055
scalpel loading,force (N),0.8229170560836793,0.6722880971431734
scalpel loading,force (N),0.8232011675834656,0.6770001465082169
scalpel loading,force (N),0.8234208941459658,0.6815341323614121
scalpel loading,force (N),0.8235774755477906,0.686047694683075
scalpel loading,force (N),0.8236721277236939,0.6860297346115113
scalpel loading,force (N),0.8237060904502869,0.6859242355823517
scalpel loading,force (N),0.823680579662323,0.6858617401123047
scalpel loading,force (N),0.8235968112945556,0.6857413029670716
scalpel loading,force (N),0.8234560370445252,0.6857653236389161
scalpel loading,force (N),0.823259449005127,0.6857440984249116
scalpel loading,force (N),0.8230082988739014,0.685780633687973
scalpel loading,force (N),0.8227037906646729,0.6858011317253112
scalpel loading,force (N),0.8223471641540527,0.6858756566047667
scalpel loading,force (N),0.8219396352767944,0.6858720672130584
scalpel loading,force (N),0.8214824557304383,0.6858358204364777
scalpel loading,force (N),0.8209768056869508,0.6858380734920501
scalpel loading,force (N),0.8204239368438722,0.6857628118991851
scalpel loading,force (N),0.8198250651359559,0.6858185613155364
scalpel loading,force (N),0.8191814303398133,0.685884119272232
scalpel loading,force (N),0.8184942483901979,0.685927460193634
scalpel loading,force (N),0.8177647590637208,0.6860539543628692
scalpel loading,force (N),0.8169941902160646,0.6860352087020875
scalpel loading,force (N),0.8161837697029115,0.6861001515388488
scalpel loading,force (N),0.8153347015380861,0.6861132645606995
scalpel loading,force (N),0.8144481897354126,0.6861258053779603
scalpel loading,force (N),0.8135254979133606,0.6861363017559051
scalpel loading,force (N),0.8125678539276124,0.6860329616069794
scalpel loading,force (N),0.8115764737129211,0.6860936772823334
scalpel loading,force (N),0.8105525493621827,0.6861466085910798
scalpel loading,force (N),0.8094973802566529,0.6862296736240386
scalpel loading,force (N),0.8084121465682984,0.6861573827266693
scalpel loading,force (N),0.8072980523109436,0.686132060289383
scalpel loading,force (N),0.806156349182129,0.6861318302154542
scalpel loading,force (N),0.8049882769584656,0.6861307799816132
scalpel loading,force (N),0.8037950515747071,0.6861977386474609
scalpel loading,force (N),0.8025779008865357,0.6861504101753234
scalpel loading,force (N),0.8013380289077758,0.6860906374454498
scalpel loading,force (N),0.8000766634941101,0.6861834800243378
scalpel loading,force (N),0.7987950563430787,0.6860700464248658
scalpel loading,force (N),0.797494399547577,0.6860851979255678
scalpel loading,force (N),0.7961759328842164,0.6860682344436646
scalpel loading,force (N),0.7948409080505372,0.686189204454422
scalpel loading,force (N),0.7934905290603638,0.6861296391487122
scalpel loading,force (N),0.7921260237693788,0.6860835790634155
scalpel loading,force (N),0.7907486200332642,0.6860645866394044
scalpel loading,force (N),0.7893595337867738,0.6859517264366151
scalpel loading,force (N),0.7879599928855897,0.6859236431121827
scalpel loading,force (N),0.7865512251853943,0.6859581112861634
scalpel loading,force (N),0.7851344585418703,0.6860553514957429
scalpel loading,force (N),0.7837109088897706,0.6860561144351959
scalpel loading,force (N),0.7822818160057069,0.6860903322696686
scalpel loading,force (N),0.7808484077453615,0.6860233938694001
scalpel loading,force (N),0.7794119000434877,0.6859198045730591
scalpel loading,force (N),0.7779735207557679,0.6858762645721435
scalpel loading,force (N),0.7765344977378846,0.6864094185829164
scalpel loading,force (N),0.77509605884552,0.6869618713855744
scalpel loading,force (N),0.7736594080924988,0.6874718177318573
scalpel loading,force (N),0.7722257971763612,0.6880399250984192
scalpel loading,force (N),0.7707964301109314,0.6885916590690613
scalpel loading,force (N),0.7693725585937501,0.6891686153411865
scalpel loading,force (N),0.7679553866386414,0.6896887993812562
scalpel loading,force (N),0.7665461540222169,0.690205671787262
scalpel loading,force (N),0.7651460766792297,0.690575544834137
scalpel loading,force (N),0.7637563943862915,0.6911010563373566
scalpel loading,force (N),0.7623783111572267,0.6916564249992372
scalpel loading,force (N),0.7610130667686462,0.6922165548801422
scalpel loading,force (N),0.759661877155304,0.6926676130294799
scalpel loading,force (N),0.7583259820938111,0.6931630015373229
scalpel loading,force (N),0.7570065855979919,0.6935830771923066
scalpel loading,force (N),0.755704939365387,0.6940442180633546
scalpel loading,force (N),0.7544222474098207,0.6944892311096191
scalpel loading,force (N),0.753159761428833,0.694987120628357
scalpel loading,force (N),0.7519186735153199,0.6953842484951019
scalpel loading,force (N),0.7507002353668213,0.6958136129379272
scalpel loading,force (N),0.7495056509971618,0.6961596965789795
scalpel loading,force (N),0.7483361721038819,0.696666829586029
scalpel loading,force (N),0.7471930027008057,0.6972217869758606
scalpel loading,force (N),0.7460773825645448,0.6975826776027679
scalpel loading,force (N),0.7449905276298524,0.698063086271286
scalpel loading,force (N),0.7439336657524109,0.6985616326332091
scalpel loading,force (N),0.7429080128669738,0.6991039049625396
scalpel loading,force (N),0.7419148087501526,0.6995904231071471
scalpel loading,force (N),0.7409552812576294,0.6999699258804322
scalpel loading,force (N),0.7400306463241577,0.7003282570838928
scalpel loading,force (N),0.7391421437263489,0.7007835066318513
scalpel loading,force (N),0.7382909893989564,0.7012234139442445
scalpel loading,force (N),0.7374783992767334,0.7017293035984039
scalpel loading,force (N),0.7367056131362916,0.7020439863204956
scalpel loading,force (N),0.735973846912384,0.7026992678642273
scalpel loading,force (N),0.7352843284606934,0.7032647037506105
scalpel loading,force (N),0.7346382856369019,0.7038528060913086
scalpel loading,force (N),0.7340369462966919,0.7042885529994964
scalpel loading,force (N),0.7334815263748169,0.7048563933372497
scalpel loading,force (N),0.7329732656478882,0.705394515991211
scalpel loading,force (N),0.7325133800506592,0.7058866548538207
scalpel loading,force (N),0.7321031093597412,0.706389136314392
scalpel loading,force (N),0.7317436695098877,0.7068857610225678
scalpel loading,force (N),0.7314362764358521,0.707360473871231
scalpel loading,force (N),0.7311821699142457,0.7078432416915893
scalpel loading,force (N),0.7309825658798218,0.708382648229599
scalpel loading,force (N),0.7308386802673341,0.7088921225070952
scalpel loading,force (N),0.7307517647743225,0.7093904364109039
scalpel loading,force (N),0.7307230353355408,0.7098848831653596
scalpel loading,force (N),0.7307537078857422,0.7104621362686158
scalpel loading,force (N),0.7308450222015381,0.7103997087478638
scalpel loading,force (N),0.7309981942176819,0.7103047609329225
scalpel loading,force (N),0.7312144398689271,0.7102728438377381
scalpel loading,force (N),0.7314949989318847,0.710217114686966
scalpel loading,force (N),0.7318410992622376,0.710290549993515
scalpel loading,force (N),0.7322539567947388,0.7103916788101196
scalpel loading,force (N),0.7327348113059998,0.7104367923736572
scalpel loading,force (N),0.733284878730774,0.7105329275131225
scalpel loading,force (N),0.7339053869247437,0.7105854773521423
scalpel loading,force (N),0.7345975518226624,0.7105919587612152
scalpel loading,force (N),0.7353626132011414,0.7106108140945436
scalpel loading,force (N),0.7362017869949341,0.7105854642391206
scalpel loading,force (N),0.7371163010597229,0.7106906807422638
scalpel loading,force (N),0.7381073832511903,0.710650075674057
scalpel loading,force (N),0.7391762614250184,0.7107037389278412
scalpel loading,force (N),0.7403241515159608,0.7107788240909576
scalpel loading,force (N),0.7415522813796998,0.7108163917064667
scalpel loading,force (N),0.7428618907928467,0.7107985270023347
scalpel loading,force (N),0.744254195690155,0.710755318403244
scalpel loading,force (N),0.7457304239273073,0.7108663582801819
scalpel loading,force (N),0.7472917914390564,0.7110190427303315
scalpel loading,force (N),0.7489395380020142,0.7109755885601043
scalpel loading,force (N),0.7506748676300049,0.7110377740859984
scalpel loading,force (N),0.7524990200996399,0.7110970103740691
scalpel loading,force (N),0.7544132232666017,0.711075016260147
scalpel loading,force (N),0.7564187049865723,0.7110193562507628
scalpel loading,force (N),0.7585166931152344,0.711100628376007
scalpel loading,force (N),0.7607084035873413,0.7110722005367278
scalpel loading,force (N),0.7629950642585756,0.7111172235012053
scalpel loading,force (N),0.7653779029846192,0.7111883556842804
scalpel loading,force (N),0.7678581476211549,0.7113069975376128
scalpel loading,force (N),0.770437014102936,0.7113119196891784
scalpel loading,force (N),0.7731157422065735,0.7113091444969177
scalpel loading,force (N),0.7758955478668214,0.7113981378078461
scalpel loading,force (N),0.7787776589393617,0.7113648998737336
scalpel loading,force (N),0.7817632913589478,0.7113817441463471
scalpel loading,force (N),0.7848536849021913,0.7113923907279969
scalpel loading,force (N),0.7880500555038453,0.711381425857544
scalpel loading,force (N),0.7913536429405214,0.7112897324562073
scalpel loading,force (N),0.7947656512260438,0.7112825500965118
scalpel loading,force (N),0.798287332057953,0.7113639032840728
scalpel loading,force (N),0.8019198894500733,0.7113649094104767
scalpel loading,force (N),0.8056645750999452,0.7114509010314942
scalpel loading,force (N),0.8095225811004639,0.711383638381958
scalpel loading,force (N),0.8134951591491699,0.711446475982666
scalpel loading,force (N),0.8175835132598878,0.7113559424877167
scalpel loading,force (N),0.8217888712882997,0.711366583108902
scalpel loading,force (N),0.826112449169159,0.7112351930141448
scalpel loading,force (N),0.8305555105209351,0.7113181114196777
scalpel loading,force (N),0.8351192712783814,0.7113732528686523
scalpel loading,force (N),0.8398049354553223,0.7220892894268035
scalpel loading,force (N),0.8446137428283691,0.7326554250717163
scalpel loading,force (N),0.8495469212532043,0.7432547950744629
scalpel loading,force (N),0.8546056866645814,0.7539582407474518
scalpel loading,force (N),0.8597912549972534,0.7644930315017698
scalpel loading,force (N),0.86510488986969,0.7750403761863708
scalpel loading,force (N),0.8705477833747864,0.7855317032337188
scalpel loading,force (N),0.8761211872100831,0.796024020910263
scalpel loading,force (N),0.8818262934684754,0.8065970849990844
scalpel loading,force (N),0.8876643419265747,0.8172076487541198
scalpel loading,force (N),0.8936365365982056,0.8278425133228302
scalpel loading,force (N),0.8997441530227662,0.8384358561038971
scalpel loading,force (N),0.905988371372223,0.8490606200695038
scalpel loading,force (N),0.9123704552650452,0.859643669128418
scalpel loading,force (N),0.9188916206359864,0.8702950942516328
scalpel loading,force (N),0.9255530953407288,0.880867304801941
scalpel loading,force (N),0.9323560833930972,0.8914561235904693
scalpel loading,force (N),0.9393018126487732,0.9021243751049042
scalpel loading,force (N),0.94639151096344,0.9128966915607452
scalpel loading,force (N),0.9536264061927796,0.9234965348243712
scalpel loading,force (N),0.9610077619552614,0.9340997898578643
scalpel loading,force (N),0.9685367703437806,0.9446827960014345
scalpel loading,force (N),0.9762146472930908,0.9552826166152956
scalpel loading,force (N),0.9840426325798036,0.9659802138805388
scalpel loading,force (N),0.9920217871665954,0.9766416060924532
scalpel loading,force (N),1.000152349472046,0.987417529821396
scalpel loading,force (N),1.0084336757659913,0.9979803729057314
scalpel loading,force (N),1.0168641567230223,1.0086158573627473
scalpel loading,force (N),1.0254411935806276,1.0191901648044586
scalpel loading,force (N),1.034161376953125,1.0299172604084017
scalpel loading,force (N),1.0430212020874023,1.0404093265533447
scalpel loading,force (N),1.052017116546631,1.0510981631278993
scalpel loading,force (N),1.06114559173584,1.0618803620338442
scalpel loading,force (N),1.0704030752182008,1.0725531876087189
scalpel loading,force (N),1.0797860383987428,1.083298326730728
scalpel loading,force (N),1.0892909526824952,1.093870395421982
scalpel loading,force (N),1.0989142656326294,1.1045438802242278
scalpel loading,force (N),1.108652448654175,1.1151897609233856
scalpel loading,force (N),1.1185019493103028,1.1259756231307985
scalpel loading,force (N),1.1284592390060424,1.136766836643219
scalpel loading,force (N),1.1385207653045657,1.1473895525932312
scalpel loading,force (N),1.148683023452759,1.1581699657440183
scalpel loading,force (N),1.158942437171936,1.168780720233917
scalpel loading,force (N),1.1692954778671265,1.1796515762805937
scalpel loading,force (N),1.1797386407852175,1.190269145965576
scalpel loading,force (N),1.1902683734893795,1.2009384727478027
scalpel loading,force (N),1.2008811235427856,1.211676127910614
scalpel loading,force (N),1.211573362350464,1.2224974083900453
scalpel loading,force (N),1.222341561317444,1.233083815574646
scalpel loading,force (N),1.2331821680068968,1.2437699484825135
scalpel loading,force (N),1.2440916299819946,1.244004726409912
scalpel loading,force (N),1.255066442489624,1.2442404675483705
scalpel loading,force (N),1.266103053092957,1.2443928503990174
scalpel loading,force (N),1.2771979093551638,1.2444584226608275
scalpel loading,force (N),1.2883474826812744,1.2446545815467835
scalpel loading,force (N),1.2995482683181765,1.2446913266181947
scalpel loading,force (N),1.310796666145325,1.2448683381080627
scalpel loading,force (N),1.322089171409607,1.245101528167725
scalpel loading,force (N),1.3334222793579102,1.2453546953201295
scalpel loading,force (N),1.344792413711548,1.2454728078842163
scalpel loading,force (N),1.3561960220336915,1.245677490234375
scalpel loading,force (N),1.3676295995712282,1.2459290981292723
scalpel loading,force (N),1.379089617729187,1.2461566734313965
scalpel loading,force (N),1.3905725002288818,1.2462777423858644
scalpel loading,force (N),1.4020747184753417,1.246420452594757
scalpel loading,force (N),1.413592767715454,1.246549723148346
scalpel loading,force (N),1.4251230716705323,1.2467423009872436
scalpel loading,force (N),1.4366621017456054,1.2469033789634705
scalpel loading,force (N),1.4482063055038454,1.2470242285728457
scalpel loading,force (N),1.4597522020339966,1.2472868776321413
scalpel loading,force (N),1.4712961912155151,1.2473700976371769
scalpel loading,force (N),1.4828347682952885,1.247516314983368
scalpel loading,force (N),1.494364380836487,1.2477477097511291
scalpel loading,force (N),1.5058815002441408,1.2478415632247926
scalpel loading,force (N),1.517382574081421,1.2480175352096556
scalpel loading,force (N),1.5288640737533572,1.248097608089447
scalpel loading,force (N),1.5403224706649783,1.2482327938079834
scalpel loading,force (N),1.5517542123794557,1.248426916599274
scalpel loading,force (N),1.563155794143677,1.2485894036293033
scalpel loading,force (N),1.5745236396789553,1.2486666035652163
scalpel loading,force (N),1.585854244232178,1.248897898197174
scalpel loading,force (N),1.5971440315246583,1.2490793681144714
scalpel loading,force (N),1.608389496803284,1.249170365333557
scalpel loading,force (N),1.61958703994751,1.2493248224258424
scalpel loading,force (N),1.6307332277297977,1.2492514276504518
scalpel loading,force (N),1.6418244361877443,1.2494370770454406
scalpel loading,force (N),1.6528571605682374,1.249610798358917
scalpel loading,force (N),1.6638278484344484,1.249777376651764
scalpel loading,force (N),1.6747330427169802,1.2498736691474917
scalpel loading,force (N),1.6855690717697145,1.2499409914016726
scalpel loading,force (N),1.6963324546813967,1.250080769062042
scalpel loading,force (N),1.7070196866989136,1.2501558637619017
scalpel loading,force (N),1.717627191543579,1.2503094244003297
scalpel loading,force (N),1.7281514167785643,1.250341703891754
scalpel loading,force (N),1.7385888814926147,1.2505040454864502
scalpel loading,force (N),1.7489360332489012,1.250713756084442
scalpel loading,force (N),1.7591892957687378,1.2508665513992308
scalpel loading,force (N),1.7693451642990112,1.2509713721275328
scalpel loading,force (N),1.779400110244751,1.251210095882416
scalpel loading,force (N),1.7893505334854127,1.2514293742179872
scalpel loading,force (N),1.7991929769515993,1.2588722538948058
scalpel loading,force (N),1.808923840522766,1.266397581100464
scalpel loading,force (N),1.8185396432876584,1.2738660335540772
scalpel loading,force (N),1.8280367374420168,1.2813813066482544
scalpel loading,force (N),1.8374116897583008,1.288900971412659
scalpel loading,force (N),1.8466609716415403,1.2965491271018983
scalpel loading,force (N),1.855781030654908,1.3040478277206422
scalpel loading,force (N),1.8647682666778564,1.3116387701034546
scalpel loading,force (N),1.873619222640992,1.3191787290573118
scalpel loading,force (N),1.8823303222656247,1.3266310572624205
scalpel loading,force (N),1.890897941589356,1.334102988243103
scalpel loading,force (N),1.8993186712265016,1.3415746593475342
scalpel loading,force (N),1.9075889110565187,1.3489867568016052
scalpel loading,force (N),1.915705180168152,1.3566547870635988
scalpel loading,force (N),1.9236639022827149,1.364152319431305
scalpel loading,force (N),1.9314615726470947,1.3716691493988036
scalpel loading,force (N),1.939094614982605,1.3791630101203918
scalpel loading,force (N),1.946559524536133,1.386644732952118
scalpel loading,force (N),1.9538527011871336,1.3941762208938595
scalpel loading,force (N),1.9609706163406373,1.401611120700836
scalpel loading,force (N),1.9679097890853885,1.4092361235618591
scalpel loading,force (N),1.9746665954589844,1.416832709312439
scalpel loading,force (N),1.9812375545501708,1.4242779541015624
scalpel loading,force (N),1.9876191377639767,1.4318026947975158
scalpel loading,force (N),1.993807816505432,1.4392615818977357
scalpel loading,force (N),1.9998000144958488,1.446838247776031
scalpel loading,force (N),2.005592203140259,1.4544042897224423
scalpel loading,force (N),2.011180877685547,1.4619078898429871
scalpel loading,force (N),2.016562461853028,1.469518265724182
scalpel loading,force (N),2.021733474731445,1.4770674180984495
scalpel loading,force (N),2.0266902923583987,1.484574246406555
scalpel loading,force (N),2.031429481506348,1.492045783996582
scalpel loading,force (N),2.035947418212891,1.4995007419586182
scalpel loading,force (N),2.040240573883057,1.5069048500061033
scalpel loading,force (N),2.044305419921875,1.5145319151878356
scalpel loading,force (N),2.048138427734376,1.5219977521896362
scalpel loading,force (N),2.0517360210418705,1.529409911632538
scalpel loading,force (N),2.055094718933106,1.5370482563972476
scalpel loading,force (N),2.0582109928131107,1.5445071935653685
scalpel loading,force (N),2.0610812664031988,1.551922173500061
scalpel loading,force (N),2.063702011108399,1.5594288563728331
scalpel loading,force (N),2.0660696983337403,1.5668652200698854
scalpel loading,force (N),2.068180799484253,1.5742897439002992
scalpel loading,force (N),2.07003173828125,1.581766016483307
scalpel loading,force (N),2.071618986129761,1.5892597675323488
scalpel loading,force (N),2.0729390144348145,1.596668965816498
scalpel loading,force (N),2.0739882946014405,1.6041015076637268
scalpel loading,force (N),2.074763250350952,1.6115246081352237
scalpel loading,force (N),2.0752604007720947,1.618982124328613
scalpel loading,force (N),2.0754761695861816,1.626319556236267
scalpel loading,force (N),2.075407028198242,1.6263076972961423
scalpel loading,force (N),2.075049448013306,1.6264174151420592
scalpel loading,force (N),2.074399900436401,1.6264513301849364
scalpel loading,force (N),2.073454809188843,1.6265605783462525
scalpel loading,force (N),2.072210693359376,1.6264827489852904
scalpel loading,force (N),2.070663976669312,1.6263828778266904
scalpel loading,force (N),2.068811130523682,1.6264278292655945
scalpel loading,force (N),2.066648578643799,1.6264338874816897
scalpel loading,force (N),2.0641728401184083,1.6262416982650758
scalpel loading,force (N),2.0613803386688234,1.6263917207717895
scalpel loading,force (N),2.0582675457000734,1.6263696694374083
scalpel loading,force (N),2.054830932617188,1.6263197112083434
scalpel loading,force (N),2.0510669708251954,1.6262892127037043
scalpel loading,force (N),2.046972131729126,1.6261699867248534
scalpel loading,force (N),2.042542839050293,1.6259681510925292
scalpel loading,force (N),2.037775564193726,1.6257423281669616
scalpel loading,force (N),2.032666778564453,1.6256355452537536
scalpel loading,force (N),2.027212953567505,1.6255632615089417
scalpel loading,force (N),2.0214105129241946,1.625367920398712
scalpel loading,force (N),2.0152559280395512,1.6252118873596189
scalpel loading,force (N),2.008745718002319,1.6251471304893492
scalpel loading,force (N),2.0018763065338137,1.6251355099678038
scalpel loading,force (N),1.994644141197205,1.625104587078095
scalpel loading,force (N),1.98704571723938,1.6249681735038757
scalpel loading,force (N),1.9790774822235109,1.6249268865585325
scalpel loading,force (N),1.9707359075546265,1.6248136496543883
scalpel loading,force (N),1.9620174169540403,1.6246088528633116
scalpel loading,force (N),1.9529185295104985,1.6244739627838134
scalpel loading,force (N),1.9434356212615969,1.624340205192566
scalpel loading,force (N),1.9335652351379395,1.624164571762085
scalpel loading,force (N),1.9233037710189824,1.6240596199035642
scalpel loading,force (N),1.9126477479934687,1.6240083837509154
scalpel loading,force (N),1.9015936136245728,1.623742434978485
scalpel loading,force (N),1.89013786315918,1.6238354229927063
scalpel loading,force (N),1.878276872634888,1.6235260152816773
scalpel loading,force (N),1.8660072088241573,1.6233121275901794
scalpel loading,force (N),1.8533252716064448,1.6231623792648315
scalpel loading,force (N),1.840227484703064,1.6228565979003906
scalpel loading,force (N),1.826710367202759,1.6226470375061035
scalpel loading,force (N),1.8127704143524173,1.6225271344184875
scalpel loading,force (N),1.7984040021896364,1.6222701311111452
scalpel loading,force (N),1.7836076259613038,1.621980781555176
scalpel loading,force (N),1.7683777809143066,1.6218139123916626
scalpel loading,force (N),1.752710890769959,1.6214613938331603
scalpel loading,force (N),1.7366033792495728,1.6211644768714903
scalpel loading,force (N),1.7200517892837526,1.620917468070984
scalpel loading,force (N),1.7030525684356692,1.620515880584717
scalpel loading,force (N),1.6856021404266357,1.6202762627601623
scalpel loading,force (N),1.66769700050354,1.6199746227264404
scalpel loading,force (N),1.6493336200714113,1.6196771264076233
scalpel loading,force (N),1.6305084228515627,1.590270095169544
scalpel loading,force (N),1.6112178802490236,1.5576685073971748
scalpel loading,force (N),1.5914584636688234,1.5251635792851448
scalpel loading,force (N),1.5712266206741334,1.4926110604405405
scalpel loading,force (N),1.550518870353699,1.4601561883091922
scalpel loading,force (N),1.5293316125869754,1.4277084997296332
scalpel loading,force (N),1.5076613426208496,1.3951981332898136
scalpel loading,force (N),1.485504508018494,1.3626032570004465
scalpel loading,force (N),1.4628575801849366,1.330220113098621
scalpel loading,force (N),1.4397170066833496,1.2976704838871955
scalpel loading,force (N),1.4160792589187623,1.265136244595051
scalpel loading,force (N),1.391940784454346,1.2326462748646736
scalpel loading,force (N),1.3672980785369877,1.2001730087399485
scalpel loading,force (N),1.3421475648880006,1.1677190759778022
scalpel loading,force (N),1.3164857149124145,1.1353947833180429
scalpel loading,force (N),1.2903090238571169,1.1031178978085516
scalpel loading,force (N),1.2636139392852783,1.0707002547383309
scalpel loading,force (N),1.236396884918213,1.038218186199665
scalpel loading,force (N),1.2086543798446656,1.005839379131794
scalpel loading,force (N),1.1803828477859497,0.9734444668889046
scalpel loading,force (N),1.1515787601470946,0.9409533980488776
scalpel loading,force (N),1.122238564491272,0.908419833481312
scalpel loading,force (N),0.8860554933547973,0.8759333088994027
scalpel loading,force (N),0.6556325197219848,0.8435582664608956
scalpel loading,force (N),0.4310768842697143,0.8111495617032052
strenuous rotation,orientation x (degree),-25.939030242636846,-26.164991852185945
strenuous rotation,orientation x (degree),-7.569230439431919,-8.103873414727161
strenuous rotation,orientation x (degree),11.10010488650039,10.140041003781803
strenuous rotation,orientation x (degree),12.262499290322296,10.661665309517034
strenuous rotation,orientation x (degree),13.65938661259888,11.259834257965736
strenuous rotation,orientation x (degree),15.319616669242691,12.196661481503298
strenuous rotation,orientation x (degree),17.2077464968596,13.357895002169684
strenuous rotation,orientation x (degree),19.210212685376064,14.835035116994248
strenuous rotation,orientation x (degree),21.24410175978332,16.76864815147171
strenuous rotation,orientation x (degree),23.262668480926592,19.08153003402072
strenuous rotation,orientation x (degree),25.22357922633493,21.64187467464987
strenuous rotation,orientation x (degree),27.090982279627298,24.25832038022721
strenuous rotation,orientation x (degree),28.84608529929644,26.677168268551128
strenuous rotation,orientation x (degree),30.484007387421187,28.69043066780497
strenuous rotation,orientation x (degree),31.989556272390345,30.32555961168829
strenuous rotation,orientation x (degree),33.349166911078385,31.607170563939903
strenuous rotation,orientation x (degree),34.55295448357869,32.6223645538645
strenuous rotation,orientation x (degree),35.59773688753933,33.46119797344632
strenuous rotation,orientation x (degree),36.48024613224395,34.168597829735305
strenuous rotation,orientation x (degree),37.202110419562615,34.75761828343269
strenuous rotation,orientation x (degree),37.763908058561725,35.222660169000974
strenuous rotation,orientation x (degree),38.175914051463806,35.55100539510698
strenuous rotation,orientation x (degree),38.44449903029985,35.73258095845216
strenuous rotation,orientation x (degree),38.58741482242742,35.77371999694738
strenuous rotation,orientation x (degree),38.61687250609401,35.686896313103546
strenuous rotation,orientation x (degree),38.55356544705916,35.4959785725225
strenuous rotation,orientation x (degree),38.41634739957003,35.2260482901043
strenuous rotation,orientation x (degree),38.23063171133862,34.90857851413085
strenuous rotation,orientation x (degree),38.0136249513687,34.57162171437261
strenuous rotation,orientation x (degree),37.78358188670256,34.2403217342364
strenuous rotation,orientation x (degree),37.5571241646382,33.92712622699939
strenuous rotation,orientation x (degree),37.34068367615397,33.63906612971839
strenuous rotation,orientation x (degree),37.13983967011511,33.3782249305726
strenuous rotation,orientation x (degree),36.95461160778241,33.13990419892063
strenuous rotation,orientation x (degree),36.78752602407823,32.92030426690752
strenuous rotation,orientation x (degree),36.639247846683375,32.71578768217421
strenuous rotation,orientation x (degree),36.511533201412576,32.52872601177883
strenuous rotation,orientation x (degree),36.40501936802711,32.359908704254096
strenuous rotation,orientation x (degree),36.3214627377232,32.210555729287464
strenuous rotation,orientation x (degree),36.26025716530006,32.08888669143499
strenuous rotation,orientation x (degree),36.21918737299004,31.996557824025373
strenuous rotation,orientation x (degree),36.19656111121368,31.932733858797405
strenuous rotation,orientation x (degree),36.18911919020788,31.89515957258223
strenuous rotation,orientation x (degree),36.19356882121426,31.88638630233575
strenuous rotation,orientation x (degree),36.20573386214684,31.90053525942844
strenuous rotation,orientation x (degree),36.225259881615045,31.9331512921242
strenuous rotation,orientation x (degree),36.24930959070996,31.97739512915588
strenuous rotation,orientation x (degree),36.27755865073274,32.03171168519708
strenuous rotation,orientation x (degree),35.99647362195046,31.926024974488755
strenuous rotation,orientation x (degree),35.442215018516265,31.612808922415184
strenuous rotation,orientation x (degree),34.967987777467386,31.31278925301362
strenuous rotation,orientation x (degree),34.53790364255832,31.06919434658616
strenuous rotation,orientation x (degree),33.655399236182205,30.62338046590424
strenuous rotation,orientation x (degree),32.76607057855145,30.08130933523728
strenuous rotation,orientation x (degree),31.64074597814384,29.347584326154774
strenuous rotation,orientation x (degree),29.679529840295004,27.96089451263383
strenuous rotation,orientation x (degree),26.95745542484815,25.70801871897359
strenuous rotation,orientation x (degree),24.382053185438124,23.14902484042385
strenuous rotation,orientation x (degree),21.8272223388248,20.378931145957296
strenuous rotation,orientation x (degree),19.264563824876973,17.49145298268077
strenuous rotation,orientation x (degree),17.192299658448448,14.873669493737353
strenuous rotation,orientation x (degree),15.537364976346367,12.795698535437891
strenuous rotation,orientation x (degree),13.94646893876697,10.999280902063193
strenuous rotation,orientation x (degree),12.707501850655277,9.5684440439439
strenuous rotation,orientation x (degree),12.478865326175892,8.745086577580821
strenuous rotation,orientation x (degree),13.289604492366635,8.581472974080853
strenuous rotation,orientation x (degree),15.051002840139772,9.253611044187965
strenuous rotation,orientation x (degree),17.973166554175975,10.881986635972709
strenuous rotation,orientation x (degree),21.387752445554145,13.42086369696321
strenuous rotation,orientation x (degree),24.344659730383427,16.44899498702833
strenuous rotation,orientation x (degree),26.594009384800856,19.6636807603792
strenuous rotation,orientation x (degree),28.51247865098101,22.84783104256516
strenuous rotation,orientation x (degree),30.154886183728777,25.96262227829351
strenuous rotation,orientation x (degree),31.855392137120475,28.87873090725435
strenuous rotation,orientation x (degree),33.718667445795504,31.59946310688423
strenuous rotation,orientation x (degree),35.60060763868904,34.06712590786441
strenuous rotation,orientation x (degree),37.380046718110805,36.19560086073653
strenuous rotation,orientation x (degree),39.115647255870215,37.917282410246415
strenuous rotation,orientation x (degree),41.01730091107413,39.45044248489441
strenuous rotation,orientation x (degree),43.25440190746305,41.229505163634045
strenuous rotation,orientation x (degree),46.00280080309352,43.437335280169975
strenuous rotation,orientation x (degree),49.08566122518428,46.05998730424176
strenuous rotation,orientation x (degree),51.656215086634205,48.797096750463055
strenuous rotation,orientation x (degree),53.33877087337328,51.25254435638988
strenuous rotation,orientation x (degree),54.16189582901376,53.0226193649809
strenuous rotation,orientation x (degree),53.64273362403833,53.87960286462882
strenuous rotation,orientation x (degree),51.3588813755772,53.65498421217657
strenuous rotation,orientation x (degree),47.965494912365045,52.51286796885921
strenuous rotation,orientation x (degree),43.88641592286163,50.58940376994062
strenuous rotation,orientation x (degree),39.54742819396812,48.00058835397567
strenuous rotation,orientation x (degree),35.31697427965889,44.71011803242206
strenuous rotation,orientation x (degree),31.909348796434216,41.17576740249349
strenuous rotation,orientation x (degree),29.271550407574097,37.35741380436716
strenuous rotation,orientation x (degree),27.126074873616844,33.29933853848054
strenuous rotation,orientation x (degree),25.54845321990436,29.422525106072243
strenuous rotation,orientation x (degree),24.586063174382943,26.25533036427683
strenuous rotation,orientation x (degree),23.95307045908692,23.6645818809054
strenuous rotation,orientation x (degree),23.60187713972149,22.33218219104404
strenuous rotation,orientation x (degree),23.37516479921709,21.86929750737244
strenuous rotation,orientation x (degree),23.26755821521546,21.9700177903036
strenuous rotation,orientation x (degree),23.529893021367428,22.443134591126267
strenuous rotation,orientation x (degree),24.22444111051854,23.224338569159613
strenuous rotation,orientation x (degree),25.486297051468966,23.79348312982998
strenuous rotation,orientation x (degree),27.820423913714023,24.621979503527143
strenuous rotation,orientation x (degree),30.612965215034407,25.82193261369885
strenuous rotation,orientation x (degree),33.34671101301177,27.335606406725788
strenuous rotation,orientation x (degree),35.65178879301817,28.974129638474864
strenuous rotation,orientation x (degree),37.32004695303248,30.557446619021675
strenuous rotation,orientation x (degree),37.97775504178637,31.94820188556672
strenuous rotation,orientation x (degree),38.02067093484538,32.9480832216219
strenuous rotation,orientation x (degree),37.98488248097152,33.52257769120929
strenuous rotation,orientation x (degree),38.159991514499126,33.90236095277305
strenuous rotation,orientation x (degree),38.31151697686344,34.16993515844209
strenuous rotation,orientation x (degree),38.74016050072196,34.44784668026496
strenuous rotation,orientation x (degree),39.30853719619046,34.82371298910029
strenuous rotation,orientation x (degree),39.55956857145638,35.21333238096844
strenuous rotation,orientation x (degree),39.75616954220418,35.51665710778053
strenuous rotation,orientation x (degree),40.04596834137405,35.80992109105861
strenuous rotation,orientation x (degree),40.13466657416927,36.01436130492081
strenuous rotation,orientation x (degree),40.121173378488805,36.06298219140216
strenuous rotation,orientation x (degree),40.15653226510983,36.01625743712074
strenuous rotation,orientation x (degree),39.72468836750535,35.79596976069044
strenuous rotation,orientation x (degree),38.549997575455606,35.27231958973033
strenuous rotation,orientation x (degree),36.382827747262894,34.34337133569521
strenuous rotation,orientation x (degree),33.52786194748066,32.864974218424194
strenuous rotation,orientation x (degree),30.067015736811346,30.72142656785596
strenuous rotation,orientation x (degree),26.325746009240675,28.00497320569704
strenuous rotation,orientation x (degree),22.97225057320757,25.049273742889
strenuous rotation,orientation x (degree),20.36696089690666,22.170085946094872
strenuous rotation,orientation x (degree),18.10549600639272,19.53697457737512
strenuous rotation,orientation x (degree),16.26002908336862,17.391816223301163
strenuous rotation,orientation x (degree),14.881082767571256,15.798171708267605
strenuous rotation,orientation x (degree),13.610295945771824,14.518168336338888
strenuous rotation,orientation x (degree),12.361148354502532,13.364600001182083
strenuous rotation,orientation x (degree),11.46442535801961,12.551688640161302
strenuous rotation,orientation x (degree),11.085509344364084,12.126215388380174
strenuous rotation,orientation x (degree),11.535181932534355,12.132787270929896
strenuous rotation,orientation x (degree),13.131450847463183,12.65327789453346
strenuous rotation,orientation x (degree),15.531775671589344,13.829309885764973
strenuous rotation,orientation x (degree),18.528441401839032,15.527967283744587
strenuous rotation,orientation x (degree),21.473243466570068,17.550443769374056
strenuous rotation,orientation x (degree),23.608362771844867,19.65967374106019
strenuous rotation,orientation x (degree),24.656163304783,21.717799667119152
strenuous rotation,orientation x (degree),25.34659045651533,23.624194144837503
strenuous rotation,orientation x (degree),25.4885034581682,25.244828520622576
strenuous rotation,orientation x (degree),25.486345599897064,26.551932610136305
strenuous rotation,orientation x (degree),25.95819139872241,27.70640235968668
strenuous rotation,orientation x (degree),26.703583430755018,28.7593754711866
strenuous rotation,orientation x (degree),27.52250647514795,29.666614333376984
strenuous rotation,orientation x (degree),28.517482854112657,30.446890174194834
strenuous rotation,orientation x (degree),29.75182795114442,31.23786368050135
strenuous rotation,orientation x (degree),31.18969195743413,32.15279880781031
strenuous rotation,orientation x (degree),33.000311534759376,33.27552112213961
strenuous rotation,orientation x (degree),34.76914614633834,34.52648623241068
strenuous rotation,orientation x (degree),36.67180799186899,35.92874304433583
strenuous rotation,orientation x (degree),38.507766362349,37.43376320841624
strenuous rotation,orientation x (degree),39.670851778208814,38.736802640022034
strenuous rotation,orientation x (degree),40.30985685620212,39.66686454512927
strenuous rotation,orientation x (degree),40.84570766731302,40.38639573370594
strenuous rotation,orientation x (degree),41.18144646682255,40.93981108710321
strenuous rotation,orientation x (degree),41.33417014841997,41.29680457467215
strenuous rotation,orientation x (degree),41.4941306622035,41.50993684437563
strenuous rotation,orientation x (degree),41.18202441456504,41.54336935551923
strenuous rotation,orientation x (degree),40.21997222648741,41.26345031704635
strenuous rotation,orientation x (degree),38.84672196370214,40.56556805558483
strenuous rotation,orientation x (degree),37.01283845397711,39.39685902438018
strenuous rotation,orientation x (degree),35.01663560501842,37.82815135193164
strenuous rotation,orientation x (degree),33.57472173054653,36.09230769949136
strenuous rotation,orientation x (degree),32.836654161894145,34.453650789386515
strenuous rotation,orientation x (degree),32.54798090127787,33.18969419926162
strenuous rotation,orientation x (degree),32.66154774504776,32.35690035264639
strenuous rotation,orientation x (degree),32.64776171068576,31.873448145526226
strenuous rotation,orientation x (degree),31.909743535446225,31.47769988068734
strenuous rotation,orientation x (degree),30.46795550602249,30.644661486885056
strenuous rotation,orientation x (degree),28.410795176118683,29.208690223525764
strenuous rotation,orientation x (degree),26.07675971391825,27.33148645847409
strenuous rotation,orientation x (degree),23.838902890464965,25.126898882009343
strenuous rotation,orientation x (degree),22.196760376199634,22.89093415579083
strenuous rotation,orientation x (degree),21.270700240872515,21.1581051169942
strenuous rotation,orientation x (degree),20.94285961858432,20.05646312040044
strenuous rotation,orientation x (degree),20.68832580090985,19.458523452965267
strenuous rotation,orientation x (degree),20.8797991497448,19.326924488044483
strenuous rotation,orientation x (degree),21.2066095249744,19.57527598627719
strenuous rotation,orientation x (degree),21.648875785762613,20.05240684476361
strenuous rotation,orientation x (degree),21.86890216479111,20.521662685991885
strenuous rotation,orientation x (degree),22.131474599527564,20.77607357494854
strenuous rotation,orientation x (degree),22.33781501320597,20.90892227128178
strenuous rotation,orientation x (degree),22.513453913532103,20.93930957364169
strenuous rotation,orientation x (degree),22.57890845925867,20.910714986159235
strenuous rotation,orientation x (degree),22.80167763000336,20.89237650229491
strenuous rotation,orientation x (degree),23.246109249312752,21.046378682646434
strenuous rotation,orientation x (degree),23.51058301874359,21.24657337699675
strenuous rotation,orientation x (degree),23.92186108488524,21.48033174237256
strenuous rotation,orientation x (degree),24.2914731096584,21.71239950786415
strenuous rotation,orientation x (degree),24.660009222714635,21.92433087719084
strenuous rotation,orientation x (degree),24.801362449155818,22.060999682576607
strenuous rotation,orientation x (degree),24.755859226786058,21.97475572172304
strenuous rotation,orientation x (degree),24.0932640080892,21.29512558997523
strenuous rotation,orientation x (degree),23.04342462819492,20.230886567136693
strenuous rotation,orientation x (degree),21.563838273798567,18.788234461913504
strenuous rotation,orientation x (degree),20.361038892517,17.17157874883914
strenuous rotation,orientation x (degree),19.510525026722945,15.823181657069329
strenuous rotation,orientation x (degree),19.320686834240107,15.213988481513198
strenuous rotation,orientation x (degree),19.69524242206323,15.26343619309057
strenuous rotation,orientation x (degree),20.842023476823343,16.122656567566665
strenuous rotation,orientation x (degree),22.21735199888718,17.69427133877113
strenuous rotation,orientation x (degree),23.69878816779223,19.546498203921303
strenuous rotation,orientation x (degree),25.284903596372487,21.475756376939287
strenuous rotation,orientation x (degree),26.530140854750044,23.1667861125799
strenuous rotation,orientation x (degree),26.961730599378257,24.27602926257407
strenuous rotation,orientation x (degree),26.73807179866992,24.51082151228816
strenuous rotation,orientation x (degree),26.00184708380152,23.997991533492296
strenuous rotation,orientation x (degree),24.6878587188167,22.866271487292224
strenuous rotation,orientation x (degree),23.056970624320144,21.238852050997963
strenuous rotation,orientation x (degree),21.59425630552977,19.41909546074428
strenuous rotation,orientation x (degree),20.56426749409671,17.832160278356298
strenuous rotation,orientation x (degree),19.83003659986585,16.68406755343453
strenuous rotation,orientation x (degree),19.093000957772205,15.746940646849708
strenuous rotation,orientation x (degree),18.388189109149607,14.92277609898224
strenuous rotation,orientation x (degree),17.616829543776504,14.113285956996236
strenuous rotation,orientation x (degree),16.53459866108777,13.208732675952348
strenuous rotation,orientation x (degree),15.28188457796776,12.071492883520008
strenuous rotation,orientation x (degree),14.079760757191876,10.873540768200726
strenuous rotation,orientation x (degree),13.008072525192771,9.874725942599484
strenuous rotation,orientation x (degree),12.308450657423194,9.228864621453468
strenuous rotation,orientation x (degree),12.080172894894147,9.0125517874435
strenuous rotation,orientation x (degree),12.649748420032068,9.37167735205091
strenuous rotation,orientation x (degree),13.711596392447715,10.360003322508147
strenuous rotation,orientation x (degree),15.14113003777571,11.75909127403422
strenuous rotation,orientation x (degree),16.975606176934406,13.467912826774835
strenuous rotation,orientation x (degree),18.770122626564543,15.39755240832585
strenuous rotation,orientation x (degree),19.996652830915707,17.1613485927936
strenuous rotation,orientation x (degree),20.995383980635022,18.57329419301585
strenuous rotation,orientation x (degree),21.97069575260234,19.76598212715672
strenuous rotation,orientation x (degree),22.381988966868576,20.621744504479025
strenuous rotation,orientation x (degree),22.66725121227371,21.10133834968473
strenuous rotation,orientation x (degree),22.902816372371475,21.423211303856064
strenuous rotation,orientation x (degree),23.2704217506998,21.753666702362608
strenuous rotation,orientation x (degree),23.80362754202217,22.236331651087568
strenuous rotation,orientation x (degree),24.51069988224169,22.939213162921803
strenuous rotation,orientation x (degree),25.17614206508404,23.751545266756608
strenuous rotation,orientation x (degree),25.74179739413094,24.48585995068106
strenuous rotation,orientation x (degree),26.2171554520446,25.068140042178754
strenuous rotation,orientation x (degree),26.445688870113216,25.342992953873903
strenuous rotation,orientation x (degree),26.83035281506496,25.377599918713543
strenuous rotation,orientation x (degree),27.167981259923863,25.21819540922393
strenuous rotation,orientation x (degree),27.67571884381988,25.04435626304236
strenuous rotation,orientation x (degree),27.99248297617132,24.823866654002785
strenuous rotation,orientation x (degree),28.04110599622399,24.472329546644005
strenuous rotation,orientation x (degree),27.35868564448944,23.86720626384681
strenuous rotation,orientation x (degree),26.64073394281759,23.07498573826595
strenuous rotation,orientation x (degree),25.97768848731281,22.31550323454367
strenuous rotation,orientation x (degree),25.23640580618604,21.61447752168047
strenuous rotation,orientation x (degree),24.401369324628547,20.858274075849792
strenuous rotation,orientation x (degree),24.05458231096827,20.17743112248233
strenuous rotation,orientation x (degree),23.91078184058336,19.71994464381561
strenuous rotation,orientation x (degree),23.967558226586604,19.38202193796665
strenuous rotation,orientation x (degree),24.61785800376572,19.27906990183033
strenuous rotation,orientation x (degree),25.6838397342134,19.54188342891904
strenuous rotation,orientation x (degree),26.94960109296396,20.21760518950029
strenuous rotation,orientation x (degree),28.25438400504072,21.26739097179427
strenuous rotation,orientation x (degree),29.597945708274267,22.703906149374248
strenuous rotation,orientation x (degree),30.564223529248792,24.343574123309125
strenuous rotation,orientation x (degree),31.21668829697157,25.95163354797816
strenuous rotation,orientation x (degree),31.69057014924215,27.32330673496965
strenuous rotation,orientation x (degree),31.847459332551423,28.26902521072772
strenuous rotation,orientation x (degree),31.891094441119463,28.700050184861425
strenuous rotation,orientation x (degree),32.13847316433535,28.77811188031632
strenuous rotation,orientation x (degree),32.418902168545245,28.63060521044258
strenuous rotation,orientation x (degree),32.61871315758131,28.331065370778248
strenuous rotation,orientation x (degree),32.90850086399428,27.98957751001529
strenuous rotation,orientation x (degree),33.055444865711564,27.65006433984388
strenuous rotation,orientation x (degree),32.57112776352143,27.138726209934973
strenuous rotation,orientation x (degree),31.46999988162264,26.50778043801612
strenuous rotation,orientation x (degree),29.95141776201575,25.610827158719783
strenuous rotation,orientation x (degree),27.87219578460838,24.413517423353525
strenuous rotation,orientation x (degree),25.490238945579605,22.950368451283826
strenuous rotation,orientation x (degree),23.147556648091182,21.37381483958568
strenuous rotation,orientation x (degree),21.474285102064982,19.873235308424697
strenuous rotation,orientation x (degree),20.177422396710185,18.717180589939872
strenuous rotation,orientation x (degree),19.68699490684935,18.00988541016858
strenuous rotation,orientation x (degree),19.472656985756515,17.753659958486352
strenuous rotation,orientation x (degree),19.877341535604288,17.91210932079663
strenuous rotation,orientation x (degree),20.453105466452925,18.42296762954157
strenuous rotation,orientation x (degree),21.309391512724844,19.168942459654232
strenuous rotation,orientation x (degree),22.024675424473728,20.03588101559853
strenuous rotation,orientation x (degree),22.97410931421399,20.94501199849759
strenuous rotation,orientation x (degree),24.05188065666067,21.90754025621331
strenuous rotation,orientation x (degree),25.16604736325933,22.855722921714133
strenuous rotation,orientation x (degree),26.09392911473769,23.716048518288545
strenuous rotation,orientation x (degree),26.90527253054924,24.44131220355726
strenuous rotation,orientation x (degree),27.687395923455128,25.04017729254272
strenuous rotation,orientation x (degree),28.10479592311809,25.588731796494443
strenuous rotation,orientation x (degree),28.513009355982263,26.07909373907649
strenuous rotation,orientation x (degree),28.7002702901374,26.48542951264384
strenuous rotation,orientation x (degree),28.77568701495676,26.794320327072967
strenuous rotation,orientation x (degree),28.773154704492924,27.011672385331508
strenuous rotation,orientation x (degree),28.76792117378505,26.706046193396134
strenuous rotation,orientation x (degree),28.60186645019017,26.174176200628168
strenuous rotation,orientation x (degree),28.738122061697737,25.54361799541678
strenuous rotation,orientation x (degree),28.986295305179013,24.88528777162162
strenuous rotation,orientation x (degree),29.00675462122345,24.1487906663524
strenuous rotation,orientation x (degree),28.81496854910945,23.63143340758519
strenuous rotation,orientation x (degree),28.64730486933827,23.114457799330467
strenuous rotation,orientation x (degree),28.47106489171965,22.64306818230645
strenuous rotation,orientation x (degree),28.342687504369707,22.243686735066746
strenuous rotation,orientation x (degree),28.23493317281283,21.9075101936221
strenuous rotation,orientation x (degree),28.169380787100764,21.64076298199552
strenuous rotation,orientation x (degree),27.62760580810209,21.3740809025429
strenuous rotation,orientation x (degree),26.754116342440923,21.073710821878365
strenuous rotation,orientation x (degree),25.77620690467606,20.73439607420312
strenuous rotation,orientation x (degree),24.728135268867906,20.39448319480356
strenuous rotation,orientation x (degree),23.55243045121655,20.00620394623155
strenuous rotation,orientation x (degree),22.844779825959392,19.59580937033201
strenuous rotation,orientation x (degree),22.56641407747243,19.212726835514403
strenuous rotation,orientation x (degree),22.58873811022013,18.93919263734186
strenuous rotation,orientation x (degree),22.88186126963282,18.86281830482534
strenuous rotation,orientation x (degree),23.62892112766268,19.06980765014353
strenuous rotation,orientation x (degree),24.73387530263864,19.578513655809587
strenuous rotation,orientation x (degree),26.144315801435862,20.360187561498705
strenuous rotation,orientation x (degree),27.77500973260308,21.421406687401745
strenuous rotation,orientation x (degree),29.56366099044115,22.691030125246456
strenuous rotation,orientation x (degree),31.401135177603702,24.148294422614214
strenuous rotation,orientation x (degree),33.35807303390091,25.848976716188343
strenuous rotation,orientation x (degree),35.046196332650524,27.69912066553465
strenuous rotation,orientation x (degree),36.47287042233143,29.51611408470643
strenuous rotation,orientation x (degree),37.80750470281728,31.27482127323365
strenuous rotation,orientation x (degree),38.95375387265777,32.8678107025205
strenuous rotation,orientation x (degree),39.50429617590221,34.05034819872475
strenuous rotation,orientation x (degree),39.289477028492456,34.69143752683928
strenuous rotation,orientation x (degree),37.86876627536995,34.66055051619938
strenuous rotation,orientation x (degree),35.18805596111663,33.57488359775482
strenuous rotation,orientation x (degree),31.53598317511414,31.406252852355223
strenuous rotation,orientation x (degree),27.43724346462274,28.529614815959505
strenuous rotation,orientation x (degree),23.377959607502007,25.27042819784404
strenuous rotation,orientation x (degree),20.3022224243952,22.019405096040828
strenuous rotation,orientation x (degree),18.46122427117741,19.371110019741423
strenuous rotation,orientation x (degree),17.55362721488997,17.606969189807558
strenuous rotation,orientation x (degree),17.481526994707465,16.605862833466887
strenuous rotation,orientation x (degree),18.239848360060904,16.304255580316806
strenuous rotation,orientation x (degree),19.18211029716228,16.60770190554794
strenuous rotation,orientation x (degree),20.3943923433701,17.396505436215847
strenuous rotation,orientation x (degree),21.84544647890052,18.61725579487377
strenuous rotation,orientation x (degree),22.96125773703001,20.148665589176943
strenuous rotation,orientation x (degree),23.89773194815251,21.66942182722196
strenuous rotation,orientation x (degree),24.688623003121336,22.993509502875497
strenuous rotation,orientation x (degree),25.18887888389611,23.98978674805207
strenuous rotation,orientation x (degree),25.897263823343465,24.68868099105717
strenuous rotation,orientation x (degree),26.870599102545725,25.22994189839598
strenuous rotation,orientation x (degree),27.50995164037994,25.83704873072935
strenuous rotation,orientation x (degree),27.99450337305653,26.41597010118372
strenuous rotation,orientation x (degree),28.43511112347531,26.98150099517205
strenuous rotation,orientation x (degree),28.851293073904387,27.637047787942763
strenuous rotation,orientation x (degree),29.43332835468585,28.434470525920247
strenuous rotation,orientation x (degree),30.754037871551944,29.4981462317822
strenuous rotation,orientation x (degree),32.73820240812812,31.08973059184177
strenuous rotation,orientation x (degree),34.88657586661853,33.09307429345343
strenuous rotation,orientation x (degree),36.49242338325364,35.053209780254164
strenuous rotation,orientation x (degree),37.59618840323887,36.65454660965254
strenuous rotation,orientation x (degree),38.28110040672044,37.74652510402166
strenuous rotation,orientation x (degree),38.3824055033855,38.25259043989597
strenuous rotation,orientation x (degree),38.0508672115113,38.21728958100387
strenuous rotation,orientation x (degree),37.8146232123289,37.8885524050317
strenuous rotation,orientation x (degree),37.432355039210194,37.379182235813744
strenuous rotation,orientation x (degree),36.63457238718314,36.57621366305
strenuous rotation,orientation x (degree),35.50970332780247,35.38330833147985
strenuous rotation,orientation x (degree),34.232673129959736,33.89849550078792
strenuous rotation,orientation x (degree),32.87982854376028,32.22313093454032
strenuous rotation,orientation x (degree),31.7340101311606,30.550324877917816
strenuous rotation,orientation x (degree),30.673458612747822,29.04790087663821
strenuous rotation,orientation x (degree),29.719245119984635,27.77687848848764
strenuous rotation,orientation x (degree),29.139578151200084,26.81711088342724
strenuous rotation,orientation x (degree),28.88201113138452,26.29774877268148
strenuous rotation,orientation x (degree),29.02415616495836,26.17982988569821
strenuous rotation,orientation x (degree),29.328431384719664,26.37625493730013
strenuous rotation,orientation x (degree),29.877977465403177,26.82893208955207
strenuous rotation,orientation x (degree),30.11099567654483,27.350619138455585
strenuous rotation,orientation x (degree),30.1715414093692,27.67420345574825
strenuous rotation,orientation x (degree),29.828027100813728,27.74623161725951
strenuous rotation,orientation x (degree),29.505538837906,27.604837672500764
strenuous rotation,orientation x (degree),29.421415844849463,27.487883016504043
strenuous rotation,orientation x (degree),29.68893425078697,27.55486815982563
strenuous rotation,orientation x (degree),30.07093376809533,27.89113687263719
strenuous rotation,orientation x (degree),30.73289054075326,28.480973964067232
strenuous rotation,orientation x (degree),31.43620180127056,29.25742639687313
strenuous rotation,orientation x (degree),31.65431447855753,29.88024007161067
strenuous rotation,orientation x (degree),31.781171475517567,30.21031319073191
strenuous rotation,orientation x (degree),31.4287188677056,30.17177123820436
strenuous rotation,orientation x (degree),30.65692978761882,29.57603178413788
strenuous rotation,orientation x (degree),29.599953489712107,28.522155911647943
strenuous rotation,orientation x (degree),28.835269025264992,27.32964981624249
strenuous rotation,orientation x (degree),27.93191788607875,26.2071278712362
strenuous rotation,orientation x (degree),27.081695065635856,25.08848533964438
strenuous rotation,orientation x (degree),26.175411949293235,24.00176676222952
strenuous rotation,orientation x (degree),25.191001579209924,22.90951445241113
strenuous rotation,orientation x (degree),23.96912578333176,21.75687928019707
strenuous rotation,orientation x (degree),22.97178794368565,20.58129457120076
strenuous rotation,orientation x (degree),19.73691021902784,17.707906029549434
strenuous rotation,orientation x (degree),16.96540527028904,15.219993643082232
strenuous rotation,orientation x (degree),14.63177742185951,13.1214628953105
strenuous rotation,orientation x (degree),12.684757530757878,11.321097555027578
strenuous rotation,orientation x (degree),10.91953503852342,9.914446303933827
strenuous rotation,orientation x (degree),11.984129877461667,10.671034248445435
strenuous rotation,orientation x (degree),13.28640680795067,11.644860133911166
strenuous rotation,orientation x (degree),14.891329179287524,12.938366283164015
strenuous rotation,orientation x (degree),16.76645095312597,14.66388597344138
strenuous rotation,orientation x (degree),18.78678088689948,16.684503334800894
strenuous rotation,orientation x (degree),20.86251216920283,19.014971615088967
strenuous rotation,orientation x (degree),22.928754204483223,21.538598952976216
strenuous rotation,orientation x (degree),24.92761962689933,24.063017941822523
strenuous rotation,orientation x (degree),26.81852802932258,26.40986274368217
strenuous rotation,orientation x (degree),28.57833947189989,28.412170323598247
strenuous rotation,orientation x (degree),30.19431096321537,30.006806903941538
strenuous rotation,orientation x (degree),31.652733430955564,31.254271641483825
strenuous rotation,orientation x (degree),32.94645206692549,32.22820246687735
strenuous rotation,orientation x (degree),34.07035778665721,32.98683258202404
strenuous rotation,orientation x (degree),35.02429449265122,33.56303560311768
strenuous rotation,orientation x (degree),35.81069888494653,33.97497549064394
strenuous rotation,orientation x (degree),36.43252987410655,34.2415947196568
strenuous rotation,orientation x (degree),36.89878986699895,34.37709623036561
strenuous rotation,orientation x (degree),37.211465630902126,34.40558793771376
strenuous rotation,orientation x (degree),37.387060112237904,34.33480247193438
strenuous rotation,orientation x (degree),37.44333610771547,34.18173254578119
strenuous rotation,orientation x (degree),37.39833922109467,33.95751043992075
strenuous rotation,orientation x (degree),37.2688361018443,33.675143994497205
strenuous rotation,orientation x (degree),37.08458370730735,33.340800960945174
strenuous rotation,orientation x (degree),36.86313675268862,32.97288760227555
strenuous rotation,orientation x (degree),36.622760361919546,32.57879591103668
strenuous rotation,orientation x (degree),36.37977861366412,32.171710441598776
strenuous rotation,orientation x (degree),36.146859945050124,31.766712298359835
strenuous rotation,orientation x (degree),35.93066252805981,31.37139688505522
strenuous rotation,orientation x (degree),35.732775510497746,30.99729741290713
strenuous rotation,orientation x (degree),35.5561471839702,30.65141659427259
strenuous rotation,orientation x (degree),35.40198996676253,30.339171828092248
strenuous rotation,orientation x (degree),35.26959237603823,30.06270870435908
strenuous rotation,orientation x (degree),35.15989152975459,29.82472526218013
strenuous rotation,orientation x (degree),35.07316375801277,29.62558278320779
strenuous rotation,orientation x (degree),35.00637233283538,29.46792344381528
strenuous rotation,orientation x (degree),34.95930844782349,29.34900258693547
strenuous rotation,orientation x (degree),34.93107561813083,29.268779338645885
strenuous rotation,orientation x (degree),34.916663972895435,29.225590085916025
strenuous rotation,orientation x (degree),34.91612885528433,29.210745598733155
strenuous rotation,orientation x (degree),34.92796453911943,29.221660892652423
strenuous rotation,orientation x (degree),34.9488906737227,29.254569409285185
strenuous rotation,orientation x (degree),34.97607046180782,29.30403734995297
strenuous rotation,orientation x (degree),35.0084193025173,29.36437903556317
strenuous rotation,orientation x (degree),35.042096849644395,29.435561830851697
strenuous rotation,orientation x (degree),35.07367301161814,29.50925479640212
strenuous rotation,orientation x (degree),35.384024944504205,29.68927010188567
strenuous rotation,orientation x (degree),35.634594930148495,29.909088754248472
strenuous rotation,orientation x (degree),36.08802678587456,30.20558173331446
strenuous rotation,orientation x (degree),36.83602449491244,30.64283521278898
strenuous rotation,orientation x (degree),38.27654308358625,31.32290590166608
strenuous rotation,orientation x (degree),40.40847001738226,32.24482827790443
strenuous rotation,orientation x (degree),43.14705261279691,33.39067302206358
strenuous rotation,orientation x (degree),45.685732631380816,34.528438594587726
strenuous rotation,orientation x (degree),47.62070237135748,35.43127100925889
strenuous rotation,orientation x (degree),48.87917611306082,36.08054823190457
strenuous rotation,orientation x (degree),48.94908900492885,36.30314847499437
strenuous rotation,orientation x (degree),47.96630852517893,36.02370888555498
strenuous rotation,orientation x (degree),46.33439985949727,35.36434402297665
strenuous rotation,orientation x (degree),44.00575497998622,34.41476039042796
strenuous rotation,orientation x (degree),40.35411975035058,32.97289236481656
strenuous rotation,orientation x (degree),35.69035582195937,30.694162445891934
strenuous rotation,orientation x (degree),30.820970984240745,27.769400763538783
strenuous rotation,orientation x (degree),26.255952357757167,24.494369992233743
strenuous rotation,orientation x (degree),22.77239107348055,21.27528764913
strenuous rotation,orientation x (degree),20.676077118980714,18.50932837220546
strenuous rotation,orientation x (degree),19.92320080667604,16.719126096244395
strenuous rotation,orientation x (degree),19.89693302346452,15.923254753690728
strenuous rotation,orientation x (degree),20.49506977100755,16.019109089306937
strenuous rotation,orientation x (degree),21.67950549544541,16.89481585087411
strenuous rotation,orientation x (degree),23.67739879265835,18.53743802908747
strenuous rotation,orientation x (degree),26.070073457664805,21.001716014764423
strenuous rotation,orientation x (degree),29.16949238881552,24.11421498844948
strenuous rotation,orientation x (degree),33.025794016132096,27.39325553734588
strenuous rotation,orientation x (degree),37.04159354360942,31.44529550269138
strenuous rotation,orientation x (degree),40.47841500202931,36.17364466261722
strenuous rotation,orientation x (degree),43.53854294740714,40.51243444247518
strenuous rotation,orientation x (degree),45.73752402986858,44.27962248944769
strenuous rotation,orientation x (degree),46.83095299580424,47.71451645923071
strenuous rotation,orientation x (degree),47.41031402834808,49.98791955386824
strenuous rotation,orientation x (degree),47.7490588880066,51.01054025569243
strenuous rotation,orientation x (degree),48.05542313391214,51.6250702377782
strenuous rotation,orientation x (degree),48.270818207607874,52.04724259733763
strenuous rotation,orientation x (degree),48.56433261474336,52.33817382464241
strenuous rotation,orientation x (degree),48.66378096758152,52.55522980429825
strenuous rotation,orientation x (degree),48.93711770326442,52.77752351480615
strenuous rotation,orientation x (degree),49.4621085096085,53.17137982258902
strenuous rotation,orientation x (degree),50.48866574538855,53.82458466652616
strenuous rotation,orientation x (degree),51.82079809488084,54.78651863814605
strenuous rotation,orientation x (degree),53.17718119788381,55.90174922200856
strenuous rotation,orientation x (degree),54.53081239518062,56.99098102261456
strenuous rotation,orientation x (degree),55.6530345163041,57.90195885930996
strenuous rotation,orientation x (degree),56.29587702664512,58.53289753155954
strenuous rotation,orientation x (degree),56.42524927773778,58.82469379604743
strenuous rotation,orientation x (degree),56.45627110223205,58.87528112579077
strenuous rotation,orientation x (degree),56.06027112742234,57.6773520118482
strenuous rotation,orientation x (degree),55.2018030942146,56.09242614453359
strenuous rotation,orientation x (degree),54.52558968894624,54.189413249595134
strenuous rotation,orientation x (degree),53.81199240813896,52.09548717057888
strenuous rotation,orientation x (degree),52.36659562452854,49.61412883625008
strenuous rotation,orientation x (degree),50.31971212145177,47.629555172920064
strenuous rotation,orientation x (degree),47.72728862649035,45.21849878669053
strenuous rotation,orientation x (degree),44.36612822544761,42.394655144909606
strenuous rotation,orientation x (degree),40.46324728100993,39.15836402017119
strenuous rotation,orientation x (degree),36.58022700157692,35.61861694761812
strenuous rotation,orientation x (degree),33.27053525601039,32.14747971845742
strenuous rotation,orientation x (degree),30.876512454629832,29.08721525021701
strenuous rotation,orientation x (degree),29.172251192787,26.561266030502
strenuous rotation,orientation x (degree),27.76126713390758,24.47578382365583
strenuous rotation,orientation x (degree),26.7739149085698,22.9114818768538
strenuous rotation,orientation x (degree),25.793588100679173,21.673970510436703
strenuous rotation,orientation x (degree),24.758277818174264,20.61507290862211
strenuous rotation,orientation x (degree),23.709666894597376,19.67793127390621
strenuous rotation,orientation x (degree),22.957094428897136,18.845335840876658
strenuous rotation,orientation x (degree),22.584058923441248,18.213569070270182
strenuous rotation,orientation x (degree),22.322892385328288,17.80651455501929
strenuous rotation,orientation x (degree),21.74837111917685,17.435261826069734
strenuous rotation,orientation x (degree),20.754963496047424,17.006798715278364
strenuous rotation,orientation x (degree),19.67910613109484,16.46312589566938
strenuous rotation,orientation x (degree),18.21663884399645,15.75685315215668
strenuous rotation,orientation x (degree),16.83025656675096,14.92534003590852
strenuous rotation,orientation x (degree),16.01685127086772,14.199276019010457
strenuous rotation,orientation x (degree),15.677200977925551,13.68299050767162
strenuous rotation,orientation x (degree),15.848438809156889,13.532650699567084
strenuous rotation,orientation x (degree),16.363382845476792,13.761315711771417
strenuous rotation,orientation x (degree),16.876964853564587,14.204194390071253
strenuous rotation,orientation x (degree),17.049682896685965,14.59479315339938
strenuous rotation,orientation x (degree),17.151594883833837,14.802158762505384
strenuous rotation,orientation x (degree),16.85101528761119,14.745953958138372
strenuous rotation,orientation x (degree),16.552775535096544,14.456603749709998
strenuous rotation,orientation x (degree),16.355349739784472,14.123661529228356
strenuous rotation,orientation x (degree),16.094152106194656,13.795333536120085
strenuous rotation,orientation x (degree),15.904733755237174,13.523230998218594
strenuous rotation,orientation x (degree),15.9088642452935,13.412614929518313
strenuous rotation,orientation x (degree),15.86199141492439,13.411004686548395
strenuous rotation,orientation x (degree),15.683453468839048,13.3485879059792
strenuous rotation,orientation x (degree),15.630244437838767,13.288113462095469
strenuous rotation,orientation x (degree),15.860512132451092,13.3256383026536
strenuous rotation,orientation x (degree),16.622107369940665,13.51783683212784
strenuous rotation,orientation x (degree),17.77381445792554,13.912304507418554
strenuous rotation,orientation x (degree),19.18025098100911,14.58262789587178
strenuous rotation,orientation x (degree),20.931603685110574,15.576250579791065
strenuous rotation,orientation x (degree),22.62178791302688,16.825247649697857
strenuous rotation,orientation x (degree),23.96539822016615,18.2068068317501
strenuous rotation,orientation x (degree),24.97346194062345,19.626067815947263
strenuous rotation,orientation x (degree),25.965115885068,21.05709957161035
strenuous rotation,orientation x (degree),26.867991760427643,22.47495763443316
strenuous rotation,orientation x (degree),28.04939798122348,23.89814254944889
strenuous rotation,orientation x (degree),29.8566406104611,25.368561533240808
strenuous rotation,orientation x (degree),31.975342769624703,27.14796546344931
strenuous rotation,orientation x (degree),33.76047951795947,29.04554389031356
strenuous rotation,orientation x (degree),35.224601755243526,30.86016490162156
strenuous rotation,orientation x (degree),36.07674620444792,32.45199133336526
strenuous rotation,orientation x (degree),36.04953636862541,33.717625312462346
strenuous rotation,orientation x (degree),35.36401763999386,34.29551225104463
strenuous rotation,orientation x (degree),34.67959311338623,34.322227559363256
strenuous rotation,orientation x (degree),33.76383402955045,33.91650165148059
strenuous rotation,orientation x (degree),32.5718417808547,33.116967801221875
strenuous rotation,orientation x (degree),31.333552780048123,32.0510980921911
strenuous rotation,orientation x (degree),30.052596882225984,30.80751434943879
strenuous rotation,orientation x (degree),28.60572832325097,29.28119310677802
strenuous rotation,orientation x (degree),27.125960203528123,27.439672639096315
strenuous rotation,orientation x (degree),25.897856769810858,25.46775578542463
strenuous rotation,orientation x (degree),24.60917931150547,23.499544715290146
strenuous rotation,orientation x (degree),23.352972635679308,21.50542177090752
strenuous rotation,orientation x (degree),22.14545202336464,19.63689530319621
strenuous rotation,orientation x (degree),21.033843930021447,18.00102021426295
strenuous rotation,orientation x (degree),19.9351814220109,16.585216089116074
strenuous rotation,orientation x (degree),18.97666583269509,15.324561132428585
strenuous rotation,orientation x (degree),18.09005537896475,14.247736430046189
strenuous rotation,orientation x (degree),17.255138204535257,13.295846609609626
strenuous rotation,orientation x (degree),16.793709538389365,12.5923317063082
strenuous rotation,orientation x (degree),16.59395377256118,12.172808531613867
strenuous rotation,orientation x (degree),16.572055446975355,11.978978948982784
strenuous rotation,orientation x (degree),16.833760260889875,12.089828011257666
strenuous rotation,orientation x (degree),17.509144600677615,12.614743978435854
strenuous rotation,orientation x (degree),18.092048368087774,13.368517425840936
strenuous rotation,orientation x (degree),18.84279000505245,14.188425431722266
strenuous rotation,orientation x (degree),19.521924488597293,15.058206490363034
strenuous rotation,orientation x (degree),20.195081698305955,15.88285869685265
strenuous rotation,orientation x (degree),20.55526552358208,16.447984677216667
strenuous rotation,orientation x (degree),20.68304374175733,16.639338924943317
strenuous rotation,orientation x (degree),20.495364018190088,16.551222549146274
strenuous rotation,orientation x (degree),20.062534514434475,16.12956243540036
strenuous rotation,orientation x (degree),19.30800286031601,15.341182034370505
strenuous rotation,orientation x (degree),18.550438071461144,14.425142910282148
strenuous rotation,orientation x (degree),17.939401915031766,13.62947729507694
strenuous rotation,orientation x (degree),17.50287890218263,12.990766746310412
strenuous rotation,orientation x (degree),17.296572666131553,12.590823468175389
strenuous rotation,orientation x (degree),17.71130106141156,12.602451035095086
strenuous rotation,orientation x (degree),18.338955231489948,12.983092741281354
strenuous rotation,orientation x (degree),19.025233780251327,13.65037246838054
strenuous rotation,orientation x (degree),19.63417019081677,14.393036717444788
strenuous rotation,orientation x (degree),20.557482341156188,15.178322254737395
strenuous rotation,orientation x (degree),21.70820638767904,16.185471288311902
strenuous rotation,orientation x (degree),23.411893183942222,17.93759277340662
strenuous rotation,orientation x (degree),25.90186424630184,20.22523350359974
strenuous rotation,orientation x (degree),28.95452270630209,23.237957471885835
strenuous rotation,orientation x (degree),31.94447423915957,26.80171744978429
strenuous rotation,orientation x (degree),34.674231700371124,30.569997487729864
strenuous rotation,orientation x (degree),37.221040842005294,34.06344423072137
strenuous rotation,orientation x (degree),39.28274429131645,37.35403183299654
strenuous rotation,orientation x (degree),40.56751643234384,40.01918676669692
strenuous rotation,orientation x (degree),41.18358424358141,41.95864389951871
strenuous rotation,orientation x (degree),41.42244515685584,43.15115294847136
strenuous rotation,orientation x (degree),41.40515922648716,43.660401814138
strenuous rotation,orientation x (degree),41.4725257859227,43.84418249611409
strenuous rotation,orientation x (degree),42.22371537027195,44.164545112946655
strenuous rotation,orientation x (degree),43.42579446754024,44.70647802784367
strenuous rotation,orientation x (degree),44.861657666280905,45.52857956899233
strenuous rotation,orientation x (degree),46.28022529880656,46.57615065837783
strenuous rotation,orientation x (degree),47.13523367718466,47.46071585119672
strenuous rotation,orientation x (degree),47.04000942792871,47.84256174242722
strenuous rotation,orientation x (degree),46.66253514798231,47.76380822632217
strenuous rotation,orientation x (degree),46.26682314338112,47.36284521268047
strenuous rotation,orientation x (degree),45.58263371206782,46.623506818888416
strenuous rotation,orientation x (degree),45.03229950857745,45.71700531566995
strenuous rotation,orientation x (degree),44.96505455602255,44.95624154500318
strenuous rotation,orientation x (degree),44.97455944095579,44.38535242649871
strenuous rotation,orientation x (degree),44.41619385589901,43.72772115130941
strenuous rotation,orientation x (degree),43.09611329609527,42.73625209867373
strenuous rotation,orientation x (degree),40.65065097493495,41.21504388226752
strenuous rotation,orientation x (degree),37.55071777259246,38.78934470531996
strenuous rotation,orientation x (degree),34.01610387637291,35.65467934170249
strenuous rotation,orientation x (degree),30.24147745425521,31.964754761882133
strenuous rotation,orientation x (degree),26.69067989545776,27.97791502710908
strenuous rotation,orientation x (degree),23.84858508524374,24.107868256206444
strenuous rotation,orientation x (degree),21.110669891867506,20.694965966294944
strenuous rotation,orientation x (degree),18.41911680609396,17.675669902953942
strenuous rotation,orientation x (degree),16.253963412600896,15.27122811936526
strenuous rotation,orientation x (degree),15.003134693176705,13.589264379430972
strenuous rotation,orientation x (degree),14.897317037399604,12.576300300387686
strenuous rotation,orientation x (degree),15.721430461716366,12.311702871914392
strenuous rotation,orientation x (degree),17.05629179439346,12.686312062186744
strenuous rotation,orientation x (degree),18.13397041822445,13.456174022844422
strenuous rotation,orientation x (degree),18.946577917534043,14.376467994777926
strenuous rotation,orientation x (degree),19.283594279210405,15.340735077629487
strenuous rotation,orientation x (degree),19.287574122292227,16.16392784800287
strenuous rotation,orientation x (degree),19.25296107780436,16.78452622769933
strenuous rotation,orientation x (degree),19.517549185095604,17.182229928435945
strenuous rotation,orientation x (degree),19.739506340676087,17.427551917613684
strenuous rotation,orientation x (degree),19.991794732717366,17.555502923149064
strenuous rotation,orientation x (degree),20.58287603414638,17.712955984887174
strenuous rotation,orientation x (degree),21.54279512947511,18.13007512060556
strenuous rotation,orientation x (degree),22.87557118902569,18.923236837647494
strenuous rotation,orientation x (degree),24.60581709122596,20.195036024336574
strenuous rotation,orientation x (degree),26.18521573238497,21.816887624983053
strenuous rotation,orientation x (degree),27.1573451812408,23.55264287449276
strenuous rotation,orientation x (degree),27.548229753375708,24.876954102727268
strenuous rotation,orientation x (degree),27.438123710046227,25.61737231510532
strenuous rotation,orientation x (degree),26.76157145660381,25.646569961630377
strenuous rotation,orientation x (degree),25.79856168177787,24.979584214917423
strenuous rotation,orientation x (degree),25.162677813452675,23.857700851209984
strenuous rotation,orientation x (degree),24.687518508026727,22.767352402043
strenuous rotation,orientation x (degree),24.35963653173661,21.893150476322543
strenuous rotation,orientation x (degree),24.20278390033829,21.29649695940812
strenuous rotation,orientation x (degree),24.203822574875645,21.03729560201829
strenuous rotation,orientation x (degree),23.93286889500804,20.92162713274149
strenuous rotation,orientation x (degree),23.806423367243383,20.87652191082887
strenuous rotation,orientation x (degree),23.8873636034736,20.99669050931569
strenuous rotation,orientation x (degree),23.89372706815973,21.21280036377496
strenuous rotation,orientation x (degree),23.86967293855841,21.298077705819964
strenuous rotation,orientation x (degree),23.87746287307625,21.319681226848587
strenuous rotation,orientation x (degree),23.805769432590665,21.295737299958148
strenuous rotation,orientation x (degree),23.357067356145663,20.99330376655766
strenuous rotation,orientation x (degree),22.7531075810324,20.328987445516304
strenuous rotation,orientation x (degree),21.98513697897565,19.493925792773027
strenuous rotation,orientation x (degree),21.29600309053249,18.63184359677321
strenuous rotation,orientation x (degree),20.39508031832102,17.752136601352646
strenuous rotation,orientation x (degree),19.611885939116604,16.908713564410363
strenuous rotation,orientation x (degree),18.918042069282592,16.19465044579634
strenuous rotation,orientation x (degree),18.33117263278882,15.610211807605095
strenuous rotation,orientation x (degree),17.866561688111773,15.139624365298204
strenuous rotation,orientation x (degree),17.783365405428526,14.878457422099371
strenuous rotation,orientation x (degree),17.871982393706787,14.879802974356878
strenuous rotation,orientation x (degree),18.21114251459433,15.144792252099464
strenuous rotation,orientation x (degree),19.10303039679694,15.777415108229036
strenuous rotation,orientation x (degree),20.50433559435708,16.87254954350084
strenuous rotation,orientation x (degree),22.441993117251386,18.44147402694984
strenuous rotation,orientation x (degree),25.084388011603977,20.632604986499885
strenuous rotation,orientation x (degree),28.42523902963765,23.62558174489681
strenuous rotation,orientation x (degree),31.956192174165395,27.325699107985383
strenuous rotation,orientation x (degree),35.10168204273337,31.211134136205946
strenuous rotation,orientation x (degree),37.40526430149652,34.75271710162545
strenuous rotation,orientation x (degree),38.83726960543135,37.61057082619951
strenuous rotation,orientation x (degree),39.32555815804372,39.47965194470214
strenuous rotation,orientation x (degree),38.7215505725412,40.18046035877289
strenuous rotation,orientation x (degree),37.28619170564576,39.74474708981175
strenuous rotation,orientation x (degree),35.354827126196454,38.116592777083696
strenuous rotation,orientation x (degree),33.00965277618863,35.554834028379815
strenuous rotation,orientation x (degree),30.44646304042513,32.41740076452024
strenuous rotation,orientation x (degree),28.243329769064587,29.091059537963105
strenuous rotation,orientation x (degree),26.84167403643457,26.075887799832728
strenuous rotation,orientation x (degree),26.54456818430819,24.09162759426264
strenuous rotation,orientation x (degree),26.821916852315866,23.088458714770567
strenuous rotation,orientation x (degree),27.49015485536323,22.52221103695448
strenuous rotation,orientation x (degree),28.148070106446863,22.39153992118217
strenuous rotation,orientation x (degree),28.22090518621956,22.474669976704604
strenuous rotation,orientation x (degree),27.604673410693067,22.45095336490093
strenuous rotation,orientation x (degree),26.975584985038736,22.27483569691329
strenuous rotation,orientation x (degree),26.540127129944626,22.294081920596057
strenuous rotation,orientation x (degree),26.288070673706443,22.30973725586944
strenuous rotation,orientation x (degree),26.53203253617714,22.33953811980512
strenuous rotation,orientation x (degree),27.05642886109385,22.401841232390723
strenuous rotation,orientation x (degree),27.2181309417912,22.474729324159767
strenuous rotation,orientation x (degree),27.00339569970052,22.4982035456147
strenuous rotation,orientation x (degree),26.718453085919307,22.480751663307217
strenuous rotation,orientation x (degree),26.12141123757085,22.38731846018605
strenuous rotation,orientation x (degree),25.150052380597373,22.178921582250965
strenuous rotation,orientation x (degree),24.452722210731707,21.892665896174805
strenuous rotation,orientation x (degree),23.66369317183508,21.59728987388505
strenuous rotation,orientation x (degree),22.96181608765957,21.29983235123549
strenuous rotation,orientation x (degree),22.545226211785973,21.076679919518625
strenuous rotation,orientation x (degree),22.241456832482115,20.94258599195756
strenuous rotation,orientation x (degree),21.763341143214888,20.82544549671786
strenuous rotation,orientation x (degree),21.46470038736588,20.717187081112627
strenuous rotation,orientation x (degree),21.14358323953519,20.62676306187912
strenuous rotation,orientation x (degree),20.77603384115928,20.53052042737553
strenuous rotation,orientation x (degree),20.66299283065743,20.46510507130438
strenuous rotation,orientation x (degree),20.98852750611715,20.511024869661256
strenuous rotation,orientation x (degree),21.49812806487085,20.66119142122426
strenuous rotation,orientation x (degree),22.15180062559228,20.886563773827675
strenuous rotation,orientation x (degree),22.809553376254925,21.13431013883772
strenuous rotation,orientation x (degree),23.28046303535688,21.33470235351293
strenuous rotation,orientation x (degree),23.240010219979624,21.40536733364138
strenuous rotation,orientation x (degree),22.771337801403988,21.3055660067252
strenuous rotation,orientation x (degree),21.934605913851044,21.05868430186139
strenuous rotation,orientation x (degree),20.824142053004834,20.698945416256777
strenuous rotation,orientation x (degree),19.672443509351424,20.299235321607668
strenuous rotation,orientation x (degree),18.736221594393555,19.94653816220429
strenuous rotation,orientation x (degree),18.17360079362929,19.70545450789496
strenuous rotation,orientation x (degree),18.13422612684903,19.59703851030325
strenuous rotation,orientation x (degree),18.37345397266193,19.63535681352826
strenuous rotation,orientation x (degree),19.05867703099928,19.80124087264668
strenuous rotation,orientation x (degree),20.26650587492325,20.10301516710662
strenuous rotation,orientation x (degree),21.61345175759876,20.50630798947357
strenuous rotation,orientation x (degree),22.9441753931617,20.96652287459449
strenuous rotation,orientation x (degree),24.564468628245777,21.47907629513276
strenuous rotation,orientation x (degree),26.122159801281555,22.03077336315671
strenuous rotation,orientation x (degree),27.04755558081824,22.52579192056919
strenuous rotation,orientation x (degree),27.839749773480293,22.912794430042453
strenuous rotation,orientation x (degree),28.43926582644103,23.21415646824556
strenuous rotation,orientation x (degree),28.76037396584043,23.42003204192044
strenuous rotation,orientation x (degree),28.70058212125936,23.50825610453641
strenuous rotation,orientation x (degree),28.710756200816405,23.49536476209198
strenuous rotation,orientation x (degree),28.574032378664924,23.441768375282663
strenuous rotation,orientation x (degree),28.48019982468217,23.37572866973028
strenuous rotation,orientation x (degree),28.33202393522653,23.302576225312137
strenuous rotation,orientation x (degree),28.47273058152915,23.27825362855025
strenuous rotation,orientation x (degree),28.646784381632457,23.33099653175161
strenuous rotation,orientation x (degree),28.856663368364067,23.40878848866862
strenuous rotation,orientation x (degree),29.13883276539269,23.495588837387103
strenuous rotation,orientation x (degree),29.872048758565228,23.64093355857699
strenuous rotation,orientation x (degree),30.778169076091245,23.84369815247649
strenuous rotation,orientation x (degree),31.80766998175551,24.07275863263092
strenuous rotation,orientation x (degree),33.14871169683089,24.380951353544887
strenuous rotation,orientation x (degree),34.40891471497463,24.744328590864143
strenuous rotation,orientation x (degree),35.063916877949296,25.05170587918674
strenuous rotation,orientation x (degree),34.840067142324216,25.23043756371206
strenuous rotation,orientation x (degree),34.01246537882591,25.19386243446905
strenuous rotation,orientation x (degree),32.31735765116281,24.883016590431723
strenuous rotation,orientation x (degree),30.19726858349152,24.314909594766466
strenuous rotation,orientation x (degree),28.17091603798856,23.63277743837746
strenuous rotation,orientation x (degree),26.75563553065959,22.955061863810627
strenuous rotation,orientation x (degree),25.755655811267246,22.42267414847253
strenuous rotation,orientation x (degree),25.18429899250968,22.06823032891577
strenuous rotation,orientation x (degree),24.72619035826824,21.84483803302544
strenuous rotation,orientation x (degree),24.382495974781904,21.68871524683871
strenuous rotation,orientation x (degree),23.919881276158065,21.56751243287883
strenuous rotation,orientation x (degree),23.58130725486467,21.456220264821155
strenuous rotation,orientation x (degree),23.320473217912564,21.353861602511103
strenuous rotation,orientation x (degree),23.04903509862315,21.25181216215354
strenuous rotation,orientation x (degree),22.616997039513365,21.12759990214039
strenuous rotation,orientation x (degree),22.391154957912136,20.9988165731273
strenuous rotation,orientation x (degree),22.04337920333464,20.885706049412804
strenuous rotation,orientation x (degree),21.64803344443848,20.756629249983973
strenuous rotation,orientation x (degree),21.275203204459302,20.63224159487216
strenuous rotation,orientation x (degree),20.926224829342885,20.51739540800881
strenuous rotation,orientation x (degree),20.5485286946531,20.398427748688377
strenuous rotation,orientation x (degree),20.355708064574017,20.301779788160403
strenuous rotation,orientation x (degree),20.64889325491859,20.31944461379682
strenuous rotation,orientation x (degree),21.100317920262867,20.46260886059824
strenuous rotation,orientation x (degree),21.79520422317248,20.689471540920422
strenuous rotation,orientation x (degree),22.65327715159927,20.990495913876018
strenuous rotation,orientation x (degree),23.885838286491943,21.3724380471872
strenuous rotation,orientation x (degree),25.118520929992883,21.8072488887495
strenuous rotation,orientation x (degree),26.43351199447028,22.26314783202271
strenuous rotation,orientation x (degree),27.714212828210577,22.74089423228252
strenuous rotation,orientation x (degree),28.791913737191265,23.183337127174354
strenuous rotation,orientation x (degree),29.25601520319239,23.48763508817254
strenuous rotation,orientation x (degree),29.47160539525716,23.64263703838283
strenuous rotation,orientation x (degree),29.51866610646121,23.703991896770432
strenuous rotation,orientation x (degree),29.49855554063912,23.70534678618536
strenuous rotation,orientation x (degree),29.406060360105386,23.6793915700232
strenuous rotation,orientation x (degree),25.43750629936895,22.253290888825617
strenuous rotation,orientation x (degree),21.51358411420369,19.30147961689661
strenuous rotation,orientation x (degree),-0.3348734481663058,-1.427630869202062
strenuous rotation,orientation x (degree),-22.242099601925496,-22.163909024317974
pen spinning,orientation x (degree),67.5987858097943,-101.5607700758952
pen spinning,orientation x (degree),60.01387098441819,-100.34324357103526
pen spinning,orientation x (degree),-80.9096884938756,-95.58046562541594
pen spinning,orientation x (degree),-90.69542291385252,-87.70746988262538
pen spinning,orientation x (degree),-95.14405405849324,-86.39894852188924
pen spinning,orientation x (degree),-97.76523096341886,-87.42111725493766
pen spinning,orientation x (degree),-98.2495531233126,-93.27029016194608
pen spinning,orientation x (degree),-106.28530787957789,-99.3048373887375
pen spinning,orientation x (degree),-113.70478316808207,-95.5406449110367
pen spinning,orientation x (degree),-96.85961523660308,-75.85981731287944
pen spinning,orientation x (degree),-87.80604218258041,-56.514488942410175
pen spinning,orientation x (degree),-80.56740587037075,-71.27420955265647
pen spinning,orientation x (degree),-78.09903835734335,-71.85361435885558
pen spinning,orientation x (degree),-21.63080192414829,-40.94171866607929
pen spinning,orientation x (degree),30.08359502401764,-26.47608048064027
pen spinning,orientation x (degree),20.963021917076222,-29.419756168703667
pen spinning,orientation x (degree),-50.6849261302934,-42.74425211564743
pen spinning,orientation x (degree),-69.21220523935975,-53.88421536623598
pen spinning,orientation x (degree),-69.9217497421896,-64.46132661115418
pen spinning,orientation x (degree),-69.41550829393114,-71.21967112120788
pen spinning,orientation x (degree),-69.22592336506028,-74.09156616884572
pen spinning,orientation x (degree),-72.18430870944012,-75.5020151150663
pen spinning,orientation x (degree),-74.23481185644998,-76.66507883331286
pen spinning,orientation x (degree),-76.48588165209279,-78.18557564293154
pen spinning,orientation x (degree),-77.9152198113695,-79.61800724248465
pen spinning,orientation x (degree),-78.48276857390083,-81.30690456278106
pen spinning,orientation x (degree),-79.7275277694619,-83.28336540367911
pen spinning,orientation x (degree),-82.02086206149626,-85.18943838504352
pen spinning,orientation x (degree),-85.77577340525663,-87.44422457090887
pen spinning,orientation x (degree),-90.7728675837938,-96.67999574576542
pen spinning,orientation x (degree),-96.21170958999772,-98.85222852397492
pen spinning,orientation x (degree),-100.26056600490712,-100.27555300683412
pen spinning,orientation x (degree),-103.08619369209497,-100.92936322071604
pen spinning,orientation x (degree),-105.12739832313056,-101.74681579523352
pen spinning,orientation x (degree),-104.97202909902516,-102.99734153244232
pen spinning,orientation x (degree),-104.4852457476403,-104.84666143380008
pen spinning,orientation x (degree),-104.03002495065353,-105.88820266374483
pen spinning,orientation x (degree),-103.86746956693518,-106.07468336862298
pen spinning,orientation x (degree),-105.15553818214345,-105.83974925926874
pen spinning,orientation x (degree),-106.3642220998144,-105.84667317834436
pen spinning,orientation x (degree),-106.44796799223,-105.86898542375788
pen spinning,orientation x (degree),-105.97968334756744,-105.42766816592696
pen spinning,orientation x (degree),-105.13604192344869,-104.04523347725222
pen spinning,orientation x (degree),-102.59334846855424,-102.47022100979974
pen spinning,orientation x (degree),-99.77403639105094,-100.44662634679698
pen spinning,orientation x (degree),-98.24239687331892,-98.82272176762795
pen spinning,orientation x (degree),-97.12364312517332,-97.16908354689184
pen spinning,orientation x (degree),-95.33141070852696,-96.77941428823569
pen spinning,orientation x (degree),-92.81131987368344,-97.42911418152538
pen spinning,orientation x (degree),-87.97329201648884,-97.43305786877605
pen spinning,orientation x (degree),-86.32241850164084,-96.74086246316956
pen spinning,orientation x (degree),-86.33351547064849,-95.73909008714637
pen spinning,orientation x (degree),-87.48029937015393,-85.7515835888111
pen spinning,orientation x (degree),-88.34190306721524,-85.17055669587612
pen spinning,orientation x (degree),-88.29329087975536,-84.6227338730107
pen spinning,orientation x (degree),-87.05888738538438,-82.98612932327758
pen spinning,orientation x (degree),-84.00920903705034,-80.80311995720703
pen spinning,orientation x (degree),-79.88495588405341,-79.05425458466189
pen spinning,orientation x (degree),-80.44235391442925,-77.45145363615043
pen spinning,orientation x (degree),-89.09534540057172,-77.187316077309
pen spinning,orientation x (degree),-109.22952090865437,-94.1781408634048
pen spinning,orientation x (degree),-140.74753601177,-130.3086467651394
pen spinning,orientation x (degree),-170.46847174589388,-156.79652668073712
pen spinning,orientation x (degree),-194.1913886793592,-181.513402992916
pen spinning,orientation x (degree),-232.1116227087791,-217.68713283496467
pen spinning,orientation x (degree),-259.6318035873647,-246.15718709107955
pen spinning,orientation x (degree),-260.0512415358294,-257.1338366772689
pen spinning,orientation x (degree),-264.9561256637495,-265.0911890025721
pen spinning,orientation x (degree),-282.8360588939216,-439.9689249993087
pen spinning,orientation x (degree),-442.2763116006241,-445.8863846184809
pen spinning,orientation x (degree),-438.9702952574364,-446.5155488546498
pen spinning,orientation x (degree),-426.1194077639951,-436.71290975908295
pen spinning,orientation x (degree),-418.392995304382,-432.74479329429954
pen spinning,orientation x (degree),-418.838171134928,-426.7889715700607
pen spinning,orientation x (degree),-422.84461549761176,-426.60279772674033
pen spinning,orientation x (degree),-424.953471596452,-429.5365759851716
pen spinning,orientation x (degree),-429.8141639350912,-430.1305722344646
pen spinning,orientation x (degree),-432.4348224094617,-430.73338997494056
pen spinning,orientation x (degree),-435.5450451216007,-431.0140955933721
pen spinning,orientation x (degree),-437.0502348155854,-431.5454977040084
pen spinning,orientation x (degree),-438.2145060730478,-433.0106190554549
pen spinning,orientation x (degree),-439.7788718340734,-435.3889204937815
pen spinning,orientation x (degree),-441.5804252196982,-437.04378867372907
pen spinning,orientation x (degree),-443.8936902539047,-438.0776077198487
pen spinning,orientation x (degree),-445.8220507953937,-438.9629614877759
pen spinning,orientation x (degree),-446.0465165132308,-438.49069337756856
pen spinning,orientation x (degree),-445.1155802155424,-436.8441944082214
pen spinning,orientation x (degree),-443.9977477122261,-435.4728825997625
pen spinning,orientation x (degree),-443.0202367690696,-430.855174316939
pen spinning,orientation x (degree),-442.237824763088,-432.569834590702
pen spinning,orientation x (degree),-439.7592156137997,-432.4151886386814
pen spinning,orientation x (degree),-437.0670419220171,-430.5833524913519
pen spinning,orientation x (degree),-434.84899793450137,-432.2553839008098
pen spinning,orientation x (degree),-430.8838557001155,-430.4333678993861
pen spinning,orientation x (degree),-428.30216831077774,-427.92090225379593
pen spinning,orientation x (degree),-427.494104170436,-428.04716721812594
pen spinning,orientation x (degree),-428.1021177506112,-431.078853739974
pen spinning,orientation x (degree),-432.4195145715443,-433.5402723419314
pen spinning,orientation x (degree),-437.55348196687567,-434.9129799106629
pen spinning,orientation x (degree),-443.1789352347144,-443.4848951324947
pen spinning,orientation x (degree),-447.4857950174071,-445.4160434680481
pen spinning,orientation x (degree),-449.966117418998,-452.0748869063625
pen spinning,orientation x (degree),-452.0145265599015,-453.6566451406323
pen spinning,orientation x (degree),-454.850935518489,-455.9584706469355
pen spinning,orientation x (degree),-457.8666304750154,-458.407503990234
pen spinning,orientation x (degree),-460.3011187712552,-460.77917756381305
pen spinning,orientation x (degree),-460.302151030276,-461.97450466781606
pen spinning,orientation x (degree),-458.0371067884974,-461.7129651740095
pen spinning,orientation x (degree),-456.3423790752647,-462.8586812110684
pen spinning,orientation x (degree),-458.43578709783736,-463.54554806437056
pen spinning,orientation x (degree),-459.9515572938154,-463.71438082973486
pen spinning,orientation x (degree),-461.1819960532094,-463.8553810413367
pen spinning,orientation x (degree),-463.3184397009722,-464.238235553759
pen spinning,orientation x (degree),-465.46047654614216,-464.71943280866094
pen spinning,orientation x (degree),-465.9510015186633,-464.6573582785774
pen spinning,orientation x (degree),-465.5742274734631,-463.7188871967545
pen spinning,orientation x (degree),-464.3679015068946,-461.9912947357863
pen spinning,orientation x (degree),-462.4592942442672,-459.87436397418304
pen spinning,orientation x (degree),-458.013125666448,-458.8306304096172
pen spinning,orientation x (degree),-454.2642886560509,-459.28927442289154
pen spinning,orientation x (degree),-457.86066017293575,-460.3112568000338
pen spinning,orientation x (degree),-463.4978413579132,-461.54727213154536
pen spinning,orientation x (degree),-465.3801424791434,-462.879711476609
pen spinning,orientation x (degree),-464.749770496752,-463.7361723898744
pen spinning,orientation x (degree),-463.5089737526812,-463.6905971883777
pen spinning,orientation x (degree),-461.67567959869626,-462.8731950377655
pen spinning,orientation x (degree),-460.3041888657516,-461.50382514530406
pen spinning,orientation x (degree),-459.7605118767089,-459.240020166009
pen spinning,orientation x (degree),-458.9339600989495,-457.07021721988895
pen spinning,orientation x (degree),-457.42733705720576,-456.1713116392371
pen spinning,orientation x (degree),-454.8311498485479,-456.112959900162
pen spinning,orientation x (degree),-452.0871349925623,-455.6748670056817
pen spinning,orientation x (degree),-451.6265352474849,-445.3592946810626
pen spinning,orientation x (degree),-450.19879251468274,-444.4547615218067
pen spinning,orientation x (degree),-449.7224722780423,-444.19460875891787
pen spinning,orientation x (degree),-449.2589668991723,-443.9638373042219
pen spinning,orientation x (degree),-447.99359361861787,-443.2849823644007
pen spinning,orientation x (degree),-445.2188029509923,-441.2658241962665
pen spinning,orientation x (degree),-442.8040859289322,-439.3624632635854
pen spinning,orientation x (degree),-441.19953974073246,-438.0258009563505
pen spinning,orientation x (degree),-439.6962840958367,-437.1677875648157
pen spinning,orientation x (degree),-439.37537085858594,-436.1536035820927
pen spinning,orientation x (degree),-438.4879852440599,-435.25729269285904
pen spinning,orientation x (degree),-437.87841438531046,-434.8865767869727
pen spinning,orientation x (degree),-437.3202775116331,-434.65778614457736
pen spinning,orientation x (degree),-436.9087545384974,-434.3108913843408
pen spinning,orientation x (degree),-439.1480053520245,-434.0376563777853
pen spinning,orientation x (degree),-448.857259879445,-436.1546887082938
pen spinning,orientation x (degree),-470.5002069117013,-446.5016582234525
pen spinning,orientation x (degree),-494.9279399874739,-485.5286639399823
pen spinning,orientation x (degree),-518.0252219902918,-501.6279297450436
pen spinning,orientation x (degree),-531.5324192738706,-492.3296346090688
pen spinning,orientation x (degree),-492.95539076287736,-471.4594559076897
pen spinning,orientation x (degree),-457.88991364604834,-465.1168111694146
pen spinning,orientation x (degree),-419.5706503219747,-433.5553437831932
pen spinning,orientation x (degree),-292.4580990928948,-332.3827719957212
pen spinning,orientation x (degree),-294.6734553473881,-295.08741915060585
pen spinning,orientation x (degree),-341.1681954178372,-337.64224796956853
pen spinning,orientation x (degree),-398.91087662234935,-381.6180549406737
pen spinning,orientation x (degree),-412.27132369149706,-399.6568331851245
pen spinning,orientation x (degree),-423.3444332730464,-415.96016470704575
pen spinning,orientation x (degree),-430.81271714443824,-426.37829901877024
pen spinning,orientation x (degree),-433.7252897958285,-429.5401093555868
pen spinning,orientation x (degree),-434.71048128168894,-431.5818838259744
pen spinning,orientation x (degree),-434.8912385314693,-433.90165838259
pen spinning,orientation x (degree),-435.705575603174,-435.9614045968839
pen spinning,orientation x (degree),-437.2664058997421,-437.9714721176837
pen spinning,orientation x (degree),-438.75679430018096,-440.5924418160876
pen spinning,orientation x (degree),-440.77025576852645,-443.74723437906925
pen spinning,orientation x (degree),-442.7339554736648,-446.71205548123805
pen spinning,orientation x (degree),-444.5665506926192,-448.6031474482259
pen spinning,orientation x (degree),-447.1965296908247,-449.8087848930509
pen spinning,orientation x (degree),-450.5120993748453,-455.9317618058101
pen spinning,orientation x (degree),-453.7595884926168,-457.87694369890073
pen spinning,orientation x (degree),-456.2602792070496,-459.63308237669406
pen spinning,orientation x (degree),-457.5380808823435,-460.8657759360571
pen spinning,orientation x (degree),-459.4444911490713,-462.4425707616463
pen spinning,orientation x (degree),-460.6791514575304,-463.72513788743765
pen spinning,orientation x (degree),-460.5013976478676,-464.5590390652204
pen spinning,orientation x (degree),-460.0299961410332,-465.00409913156
pen spinning,orientation x (degree),-459.804181028996,-464.9632460374914
pen spinning,orientation x (degree),-460.6940946435681,-465.076069198294
pen spinning,orientation x (degree),-462.4229165655554,-465.0870082023532
pen spinning,orientation x (degree),-463.34597364733656,-465.0143065795778
pen spinning,orientation x (degree),-464.02264479891954,-464.4784250274838
pen spinning,orientation x (degree),-463.7713890869312,-463.1991990174246
pen spinning,orientation x (degree),-461.4892026583113,-461.8571207805164
pen spinning,orientation x (degree),-457.9604198361731,-460.38442396234746
pen spinning,orientation x (degree),-454.86938233580224,-458.9379605755704
pen spinning,orientation x (degree),-453.71687969588135,-458.169858046495
pen spinning,orientation x (degree),-453.41814528191753,-456.5233718707336
pen spinning,orientation x (degree),-452.5013430452186,-456.0659737112295
pen spinning,orientation x (degree),-450.4810404366927,-456.3283137278328
pen spinning,orientation x (degree),-447.9372523712378,-455.9961524462589
pen spinning,orientation x (degree),-447.9028361216357,-454.8524969558929
pen spinning,orientation x (degree),-448.63261362867394,-443.3702742092299
pen spinning,orientation x (degree),-449.2659871020198,-442.5273037508886
pen spinning,orientation x (degree),-448.9167139640173,-442.2186083428294
pen spinning,orientation x (degree),-447.8004412248159,-441.8657409938407
pen spinning,orientation x (degree),-445.4779940833242,-440.3487370670876
pen spinning,orientation y (degree),72.57757430141741,34.01916569762493
pen spinning,orientation y (degree),79.39581922294666,30.38780324325262
pen spinning,orientation y (degree),70.51763724671274,29.020265730572422
pen spinning,orientation y (degree),40.45657112846116,37.93795590512488
pen spinning,orientation y (degree),9.411011865920798,3.212944879976192
pen spinning,orientation y (degree),-6.255143686475541,-16.855029327179036
pen spinning,orientation y (degree),-35.16016035288575,-32.01963409663181
pen spinning,orientation y (degree),-64.37395669092766,-46.76312316787421
pen spinning,orientation y (degree),-74.10215087674156,-63.870211913211016
pen spinning,orientation y (degree),-66.25936711011298,-74.63919820722741
pen spinning,orientation y (degree),-62.76627268649177,-72.6342080285756
pen spinning,orientation y (degree),-45.12617260902363,-58.54402955082459
pen spinning,orientation y (degree),25.498755552620462,-33.21956879195427
pen spinning,orientation y (degree),73.98058577885195,65.93947817892014
pen spinning,orientation y (degree),69.70898044102383,63.50558272614524
pen spinning,orientation y (degree),69.0576376225956,59.182015350316405
pen spinning,orientation y (degree),59.24014709653292,46.94731920349099
pen spinning,orientation y (degree),33.31478330486135,35.11069339326546
pen spinning,orientation y (degree),24.2533624398296,22.080090315345203
pen spinning,orientation y (degree),14.107037035112498,11.23019258302348
pen spinning,orientation y (degree),-0.5335847574867971,7.8708350577413295
pen spinning,orientation y (degree),7.533999848018484,7.569190297207304
pen spinning,orientation y (degree),11.04092762236846,7.886186764246325
pen spinning,orientation y (degree),8.828228931412427,8.729927426743922
pen spinning,orientation y (degree),10.621181711782338,9.95317422844386
pen spinning,orientation y (degree),12.824895526763246,11.445942375211024
pen spinning,orientation y (degree),14.715744726939146,12.940126434458742
pen spinning,orientation y (degree),15.48654889221984,14.314819898104584
pen spinning,orientation y (degree),15.511032768498216,15.825206515252525
pen spinning,orientation y (degree),14.39943002629449,15.51027192027597
pen spinning,orientation y (degree),13.909446111384218,13.953389678273568
pen spinning,orientation y (degree),9.80196332708644,11.937965192961888
pen spinning,orientation y (degree),7.563688387833088,10.066029143273628
pen spinning,orientation y (degree),6.008429748719675,9.302600021649129
pen spinning,orientation y (degree),3.8902738616497152,8.146261165631673
pen spinning,orientation y (degree),2.0055794436821763,5.658212344432669
pen spinning,orientation y (degree),-0.4033391707733926,3.51994652910237
pen spinning,orientation y (degree),-1.3327168362422204,2.5557822936853274
pen spinning,orientation y (degree),-0.5468956274938124,1.236420559875843
pen spinning,orientation y (degree),-1.4221955004052589,-0.7773618940310464
pen spinning,orientation y (degree),-2.951478190413383,-3.64922070858094
pen spinning,orientation y (degree),-6.241571335452845,-6.931256221883745
pen spinning,orientation y (degree),-9.450625170850072,-9.898945367328134
pen spinning,orientation y (degree),-11.72017391690068,-12.446868699981382
pen spinning,orientation y (degree),-12.575081085374022,-14.682161174286264
pen spinning,orientation y (degree),-14.896904308674408,-15.894198667122517
pen spinning,orientation y (degree),-13.530724826321435,-15.983713318488403
pen spinning,orientation y (degree),-5.457832972812069,-14.434777452834464
pen spinning,orientation y (degree),7.510321943081116,-13.05053734347945
pen spinning,orientation y (degree),20.50109813948222,-11.689116266625607
pen spinning,orientation y (degree),11.65266701726452,-12.565216530709336
pen spinning,orientation y (degree),-8.421250050208979,-13.172072899592228
pen spinning,orientation y (degree),-17.793143386312817,-6.884080935467674
pen spinning,orientation y (degree),-18.162888419769885,-7.889468011999127
pen spinning,orientation y (degree),-16.734831195423823,-7.586006923475866
pen spinning,orientation y (degree),-11.338065243556944,-6.434435842033938
pen spinning,orientation y (degree),-5.335982839511964,-5.087886993059933
pen spinning,orientation y (degree),-12.692621274349628,-4.220935343219342
pen spinning,orientation y (degree),-7.051425349535815,-3.6731483118557455
pen spinning,orientation y (degree),8.656223898498794,-3.969241321222482
pen spinning,orientation y (degree),16.590549866645983,3.193257706578068
pen spinning,orientation y (degree),25.85434284433217,22.04540559225125
pen spinning,orientation y (degree),29.50140637573112,28.32894062166583
pen spinning,orientation y (degree),37.578680576393374,33.24722234791856
pen spinning,orientation y (degree),33.10202080619695,26.82115246726497
pen spinning,orientation y (degree),3.2872428264527547,0.0641674499936647
pen spinning,orientation y (degree),-17.169196814114894,-24.332620415786515
pen spinning,orientation y (degree),-32.68238280354136,-48.13378449359827
pen spinning,orientation y (degree),-79.24521869354145,-78.01470325760836
pen spinning,orientation y (degree),-33.16307887168007,-34.62799621195237
pen spinning,orientation y (degree),20.59777902745888,21.26453286587394
pen spinning,orientation y (degree),53.04783544383445,38.303167213386864
pen spinning,orientation y (degree),45.89253633919862,35.948016797577054
pen spinning,orientation y (degree),28.01046167117057,27.56482513617404
pen spinning,orientation y (degree),2.17478773410407,12.430885361861124
pen spinning,orientation y (degree),-17.280254411987723,4.410522342155036
pen spinning,orientation y (degree),-22.54152240492826,3.427335564789249
pen spinning,orientation y (degree),-20.24021486514428,3.530595733476069
pen spinning,orientation y (degree),-8.390617603880465,4.306688642749614
pen spinning,orientation y (degree),-0.6533656431956301,5.394978901890322
pen spinning,orientation y (degree),1.534855040096177,6.322436035879802
pen spinning,orientation y (degree),3.3323079940837106,7.183111453782189
pen spinning,orientation y (degree),4.013409203981056,7.918072247583435
pen spinning,orientation y (degree),1.3934324896514805,8.787361551358998
pen spinning,orientation y (degree),-1.7815106141253214,9.991402102078794
pen spinning,orientation y (degree),7.558577197289791,12.376794747661744
pen spinning,orientation y (degree),13.440584576622587,15.434546852562573
pen spinning,orientation y (degree),16.56027342374283,18.33755129266963
pen spinning,orientation y (degree),18.377791143226865,25.81696622174744
pen spinning,orientation y (degree),20.361914137197072,24.562064925837248
pen spinning,orientation y (degree),1.3622600226458006,20.79903030676873
pen spinning,orientation y (degree),-2.148825152324032,18.87518194772984
pen spinning,orientation y (degree),5.292780852586627,26.15737633766556
pen spinning,orientation y (degree),12.61138912407947,34.54505025375614
pen spinning,orientation y (degree),11.180786887949834,38.059714845050266
pen spinning,orientation y (degree),3.5284365304546483,34.30290716131713
pen spinning,orientation y (degree),1.4900680131820996,27.66489521550332
pen spinning,orientation y (degree),6.056675340083226,23.59940959787696
pen spinning,orientation y (degree),8.460775547040704,22.332077603084468
pen spinning,orientation y (degree),9.399017289141767,25.30736738886452
pen spinning,orientation y (degree),10.946275555296191,26.55076177319321
pen spinning,orientation y (degree),14.668295757944048,23.38996615428254
pen spinning,orientation y (degree),17.684555836108924,20.540916414234324
pen spinning,orientation y (degree),15.494704499522769,16.09297657670591
pen spinning,orientation y (degree),11.39130689976952,11.876645376832196
pen spinning,orientation y (degree),11.772092018532645,8.633272655975787
pen spinning,orientation y (degree),7.926507312001913,6.754316825068827
pen spinning,orientation y (degree),4.533644372253017,5.722714325895364
pen spinning,orientation y (degree),2.640656177048184,4.093205097477285
pen spinning,orientation y (degree),2.3487968359019225,2.5929871290759
pen spinning,orientation y (degree),3.24704777839257,1.402085580898341
pen spinning,orientation y (degree),1.8481970098159752,0.192223555237827
pen spinning,orientation y (degree),2.47325228773535,-1.4041327807909256
pen spinning,orientation y (degree),0.5125072144191252,-3.773719420760215
pen spinning,orientation y (degree),-3.680665684244009,-6.813345537210231
pen spinning,orientation y (degree),-7.360012966240499,-9.361908940167552
pen spinning,orientation y (degree),-15.153973698727238,-11.767448886743002
pen spinning,orientation y (degree),-18.78996880399186,-13.493562592249168
pen spinning,orientation y (degree),-3.767378273874086,-14.260525566283889
pen spinning,orientation y (degree),2.12123891339222,-14.158248372020871
pen spinning,orientation y (degree),-11.348412250625826,-13.846311117371384
pen spinning,orientation y (degree),-15.129169865351535,-13.8920497695265
pen spinning,orientation y (degree),-11.68813602409515,-13.469451126167
pen spinning,orientation y (degree),-10.905305798813044,-12.315737913678234
pen spinning,orientation y (degree),-12.467140138006,-12.293778956380809
pen spinning,orientation y (degree),-12.716625450326095,-12.915478023479864
pen spinning,orientation y (degree),-12.12196570718522,-14.203987607548877
pen spinning,orientation y (degree),-12.523562016816228,-15.694040293435632
pen spinning,orientation y (degree),-12.982530986700551,-16.301790177689238
pen spinning,orientation y (degree),-10.18241598451383,-15.79193193774852
pen spinning,orientation y (degree),-2.655043120464951,-15.1370604494622
pen spinning,orientation y (degree),-1.3848866879380086,-15.09986457030882
pen spinning,orientation y (degree),-16.24073446183066,-13.34333202632408
pen spinning,orientation y (degree),-21.59570184122816,-12.87251699388853
pen spinning,orientation y (degree),-18.09518813541788,-12.776699203055816
pen spinning,orientation y (degree),-14.849216933535466,-12.748311275649677
pen spinning,orientation y (degree),-13.579581440186152,-12.240739035586156
pen spinning,orientation y (degree),-10.886326532747615,-11.443134108550336
pen spinning,orientation y (degree),-12.970411860490715,-10.529863798929725
pen spinning,orientation y (degree),-17.26749645953175,-9.510291704528726
pen spinning,orientation y (degree),-23.565761787091464,-8.206329832357941
pen spinning,orientation y (degree),-10.940439802821045,-6.365591900543227
pen spinning,orientation y (degree),-3.745907143422108,-4.493434839649519
pen spinning,orientation y (degree),-6.0822504016995085,-3.730278806820303
pen spinning,orientation y (degree),-8.35283048043666,-3.251058395201424
pen spinning,orientation y (degree),-3.752734407309687,-2.5556683884207128
pen spinning,orientation y (degree),-6.3691775666475845,-1.923985913797712
pen spinning,orientation y (degree),-16.287506825396154,-4.226731085229989
pen spinning,orientation y (degree),-22.968166562948053,-15.251640895447617
pen spinning,orientation y (degree),-20.272039073089168,-13.239406417673706
pen spinning,orientation y (degree),-8.495018236896186,6.777908085378093
pen spinning,orientation y (degree),19.53233546205784,17.463646032269665
pen spinning,orientation y (degree),32.217078872840794,4.710027442612584
pen spinning,orientation y (degree),-14.036657397342552,-13.795629453852024
pen spinning,orientation y (degree),-70.17576245384578,-43.36391473137296
pen spinning,orientation y (degree),-32.32015571878043,-65.30804930500754
pen spinning,orientation y (degree),23.66970776770096,28.882496377765605
pen spinning,orientation y (degree),63.2843192651824,61.38475629099694
pen spinning,orientation y (degree),53.02090295096711,57.3074008090298
pen spinning,orientation y (degree),36.60077457092394,42.10123934435961
pen spinning,orientation y (degree),14.775596204786131,19.36076514352631
pen spinning,orientation y (degree),-1.6696298584341198,6.038197185649182
pen spinning,orientation y (degree),-0.2283754509016627,3.614949893718837
pen spinning,orientation y (degree),2.554869141510178,3.669108994480912
pen spinning,orientation y (degree),4.022962429211718,4.874921962358631
pen spinning,orientation y (degree),6.885684349132082,6.513582769148888
pen spinning,orientation y (degree),10.124799710011771,8.60861777481751
pen spinning,orientation y (degree),11.1810674610329,11.029505826830713
pen spinning,orientation y (degree),12.844365632747154,13.413287548324496
pen spinning,orientation y (degree),16.02242638196058,15.077005148122089
pen spinning,orientation y (degree),17.12026312660063,16.074694703140583
pen spinning,orientation y (degree),17.245828566779082,16.14038825547838
pen spinning,orientation y (degree),16.769555074415052,15.138780494858125
pen spinning,orientation y (degree),15.606715151349006,14.41257395461339
pen spinning,orientation y (degree),14.760761285472968,12.67203390438734
pen spinning,orientation y (degree),13.121600430518,10.542584476384086
pen spinning,orientation y (degree),10.052617169963575,8.761168649336906
pen spinning,orientation y (degree),5.382855260179233,6.686285754076039
pen spinning,orientation y (degree),2.519295910883376,4.962801194818634
pen spinning,orientation y (degree),1.0284606090908437,3.656425818536485
pen spinning,orientation y (degree),0.82444239584898,2.827170371343558
pen spinning,orientation y (degree),1.9857700228737167,1.8778039285563617
pen spinning,orientation y (degree),2.863007445170885,0.6023641647472212
pen spinning,orientation y (degree),0.5304124089974683,-1.7092935037231962
pen spinning,orientation y (degree),-1.7494885229746535,-4.984704457185113
pen spinning,orientation y (degree),-5.952949463317601,-8.46801345877612
pen spinning,orientation y (degree),-10.476297171164283,-11.444541649948883
pen spinning,orientation y (degree),-12.915182768690975,-13.912450902509889
pen spinning,orientation y (degree),-14.024907729170105,-15.543196151379878
pen spinning,orientation y (degree),-15.413750864372709,-16.29990794324301
pen spinning,orientation y (degree),-10.10718922749808,-16.464828518776674
pen spinning,orientation y (degree),3.284323281841081,-14.111532255761649
pen spinning,orientation y (degree),19.13793358084077,-10.056483964063002
pen spinning,orientation y (degree),23.099734264272445,-9.1344256346221
pen spinning,orientation y (degree),1.8367760086314784,-11.386639200092164
pen spinning,orientation y (degree),-13.69418566898946,-9.417097648078077
pen spinning,orientation y (degree),-16.42868797265349,-9.840068450470334
pen spinning,orientation y (degree),-16.07968958556192,-9.395197646425084
pen spinning,orientation y (degree),-14.485294613294345,-8.083284324298518
pen spinning,orientation y (degree),-9.816443473403805,-5.887736970982894
pen spinning,orientation z (degree),-20.44426241208464,-186.4298630237382
pen spinning,orientation z (degree),-27.56375643369336,-176.74600176945566
pen spinning,orientation z (degree),-170.27985260629924,-171.14003333852787
pen spinning,orientation z (degree),-179.7949113054645,-168.41488726519094
pen spinning,orientation z (degree),-180.6195299341425,-176.78346719949752
pen spinning,orientation z (degree),-180.5106574782154,-177.6045673738472
pen spinning,orientation z (degree),-176.59858509376352,-172.71917216928378
pen spinning,orientation z (degree),-162.8011326401445,-164.60920566658646
pen spinning,orientation z (degree),-145.17185070142938,-161.33944678561392
pen spinning,orientation z (degree),-147.28324271843775,-171.41732988039877
pen spinning,orientation z (degree),-143.13627660370747,-177.1832269922343
pen spinning,orientation z (degree),-137.06144131157996,-144.09467087187883
pen spinning,orientation z (degree),-119.88322133144185,-122.47330531969942
pen spinning,orientation z (degree),-53.43353821317,-58.2093107977455
pen spinning,orientation z (degree),8.550955928618611,-32.21520775993207
pen spinning,orientation z (degree),16.157317690009034,-23.632289100353603
pen spinning,orientation z (degree),-41.35235325433794,-23.603139615626446
pen spinning,orientation z (degree),-44.37749324496595,-25.975968838809425
pen spinning,orientation z (degree),-30.98729675944112,-28.794064655442355
pen spinning,orientation z (degree),-19.539104139522355,-25.480857885719843
pen spinning,orientation z (degree),-21.2255781470759,-23.62298392109983
pen spinning,orientation z (degree),-22.25885002765921,-25.35845586580752
pen spinning,orientation z (degree),-27.4676905245079,-28.134683421386967
pen spinning,orientation z (degree),-34.72914489988636,-33.11659484263703
pen spinning,orientation z (degree),-43.4157495092844,-38.99282146207008
pen spinning,orientation z (degree),-53.369916355916246,-46.244228540921085
pen spinning,orientation z (degree),-63.11309312411601,-54.382559756459216
pen spinning,orientation z (degree),-73.43173869412212,-62.50670434584811
pen spinning,orientation z (degree),-85.20759102226569,-71.11314949303596
pen spinning,orientation z (degree),-97.02550274125832,-96.17547506615074
pen spinning,orientation z (degree),-106.52988561010348,-103.42818185987647
pen spinning,orientation z (degree),-117.06368663867048,-112.17922797983547
pen spinning,orientation z (degree),-128.1360373493912,-123.66953109092026
pen spinning,orientation z (degree),-137.79594770120173,-133.35088331974958
pen spinning,orientation z (degree),-148.1991241355536,-142.0435497527545
pen spinning,orientation z (degree),-159.0286806267615,-154.07991146066846
pen spinning,orientation z (degree),-169.67908611994065,-165.94628648846083
pen spinning,orientation z (degree),-180.2612385520625,-174.2260401335122
pen spinning,orientation z (degree),-188.9193783010876,-181.53421461213725
pen spinning,orientation z (degree),-196.96522103754376,-189.42243559332053
pen spinning,orientation z (degree),-206.05923101841748,-198.0830535984131
pen spinning,orientation z (degree),-215.13548301065177,-206.00613047146967
pen spinning,orientation z (degree),-225.1148902658,-214.01045623697115
pen spinning,orientation z (degree),-236.42929221823545,-222.46574883663945
pen spinning,orientation z (degree),-246.26210073393383,-230.0921548628965
pen spinning,orientation z (degree),-251.44831014032383,-234.9437620781728
pen spinning,orientation z (degree),-254.5672009103648,-241.87652803840507
pen spinning,orientation z (degree),-258.6255078433836,-247.03176322255365
pen spinning,orientation z (degree),-262.4794890928248,-246.75330521593125
pen spinning,orientation z (degree),-264.94486746144764,-246.5151482051956
pen spinning,orientation z (degree),-266.630212636505,-249.4590421598297
pen spinning,orientation z (degree),-274.1451756410395,-254.13294949811848
pen spinning,orientation z (degree),-281.6183940427967,-284.5492168375572
pen spinning,orientation z (degree),-288.25314816954625,-288.8213180558922
pen spinning,orientation z (degree),-295.58821043346137,-296.4905252042272
pen spinning,orientation z (degree),-303.5797965475549,-305.5099229239568
pen spinning,orientation z (degree),-312.053770323772,-314.57270203598404
pen spinning,orientation z (degree),-321.91603396710286,-321.27095390823945
pen spinning,orientation z (degree),-324.32630662835004,-325.5473001910165
pen spinning,orientation z (degree),-318.6910676628482,-323.9548073572961
pen spinning,orientation z (degree),-312.02916136443525,-307.69863885428373
pen spinning,orientation z (degree),-310.1387048576569,-303.62493489571006
pen spinning,orientation z (degree),-308.292668657922,-301.6073874719209
pen spinning,orientation z (degree),-307.56275184192714,-297.86299777787616
pen spinning,orientation z (degree),-333.0457508938958,-313.6516575323835
pen spinning,orientation z (degree),-341.42655344642446,-327.0568157131662
pen spinning,orientation z (degree),-335.2338313059007,-324.07516049668214
pen spinning,orientation z (degree),-320.3984442379012,-311.9560612994597
pen spinning,orientation z (degree),-292.0594180420835,-136.86176596445895
pen spinning,orientation z (degree),-123.84548773645209,-119.54031879316366
pen spinning,orientation z (degree),-111.0250862488492,-110.96504524382917
pen spinning,orientation z (degree),-90.12787241668174,-86.1961071598306
pen spinning,orientation z (degree),-71.90224953804716,-67.23825942865932
pen spinning,orientation z (degree),-55.298765264359005,-40.194353217299465
pen spinning,orientation z (degree),-39.27110254534749,-14.785088677346891
pen spinning,orientation z (degree),-19.137433827611968,0.147602415644144
pen spinning,orientation z (degree),6.9702689808567575,2.4553547833031644
pen spinning,orientation z (degree),17.099095949186207,-0.300130049997108
pen spinning,orientation z (degree),20.309302852813605,-4.143995415010977
pen spinning,orientation z (degree),15.36596453013764,-8.761147216977918
pen spinning,orientation z (degree),4.125864931775889,-14.07334028799977
pen spinning,orientation z (degree),-9.185650851893971,-20.40339714932957
pen spinning,orientation z (degree),-22.36204290506126,-25.52645242705665
pen spinning,orientation z (degree),-34.3110658251968,-30.287878586623265
pen spinning,orientation z (degree),-44.10638219842527,-37.04483209894147
pen spinning,orientation z (degree),-52.26236743945254,-43.91982292465025
pen spinning,orientation z (degree),-61.14653351472777,-50.576273104998734
pen spinning,orientation z (degree),-70.3915097915732,-55.38802031072032
pen spinning,orientation z (degree),-79.6787958040312,-56.97519149201378
pen spinning,orientation z (degree),-88.92784179262242,-63.562908878424594
pen spinning,orientation z (degree),-99.29485765229272,-70.8292637560537
pen spinning,orientation z (degree),-100.94013454478878,-81.28771239222175
pen spinning,orientation z (degree),-92.2811844157126,-84.91468102355554
pen spinning,orientation z (degree),-75.41629084742436,-77.67531979698532
pen spinning,orientation z (degree),-56.90141187849666,-64.03368627138724
pen spinning,orientation z (degree),-44.85929425076368,-53.61684362357079
pen spinning,orientation z (degree),-42.91712200323413,-48.42534825739125
pen spinning,orientation z (degree),-39.61063347752805,-45.98855957751209
pen spinning,orientation z (degree),-41.9058223710944,-46.17497716743901
pen spinning,orientation z (degree),-51.13275670808387,-68.59426347244016
pen spinning,orientation z (degree),-64.80660646599554,-78.39366822073447
pen spinning,orientation z (degree),-79.0493750200722,-100.10233006171558
pen spinning,orientation z (degree),-93.16642944074223,-109.21639228674152
pen spinning,orientation z (degree),-104.38685192771273,-118.76507047439505
pen spinning,orientation z (degree),-113.68109715265496,-127.61311874758444
pen spinning,orientation z (degree),-124.65454599323748,-137.10293793903003
pen spinning,orientation z (degree),-135.3456560437678,-146.51070846191172
pen spinning,orientation z (degree),-144.4761731451618,-152.9816939707293
pen spinning,orientation z (degree),-150.79116947937345,-158.0247816558717
pen spinning,orientation z (degree),-155.41390859264993,-163.21540537572528
pen spinning,orientation z (degree),-162.89763309625604,-169.4354922600941
pen spinning,orientation z (degree),-172.1383144754006,-175.69697766847446
pen spinning,orientation z (degree),-181.8703143366423,-182.083418188192
pen spinning,orientation z (degree),-189.05155412212747,-190.3998292207975
pen spinning,orientation z (degree),-196.3136464644724,-200.0187196633769
pen spinning,orientation z (degree),-203.9041006910929,-207.5771301747865
pen spinning,orientation z (degree),-210.524545127544,-214.90152869339823
pen spinning,orientation z (degree),-218.5891720111269,-223.2849097020729
pen spinning,orientation z (degree),-231.38694159237352,-229.52694781619925
pen spinning,orientation z (degree),-238.1359897484812,-229.14189193027
pen spinning,orientation z (degree),-231.30411260137384,-226.50368908110687
pen spinning,orientation z (degree),-222.921720468992,-222.4274558287821
pen spinning,orientation z (degree),-219.63196897571035,-218.703635389982
pen spinning,orientation z (degree),-220.6554768154569,-216.56500108436867
pen spinning,orientation z (degree),-224.21185221599887,-217.7979548611707
pen spinning,orientation z (degree),-230.4819965762067,-221.03606055804283
pen spinning,orientation z (degree),-237.7955575924003,-225.94293854990545
pen spinning,orientation z (degree),-244.4635839785124,-232.5736539361461
pen spinning,orientation z (degree),-251.25084358772463,-240.97045051214585
pen spinning,orientation z (degree),-258.89485939865693,-247.5289957419952
pen spinning,orientation z (degree),-267.3108971009806,-253.06949388381184
pen spinning,orientation z (degree),-274.37329154290376,-258.3343685989343
pen spinning,orientation z (degree),-276.6274288647586,-288.2650696768438
pen spinning,orientation z (degree),-279.6280177859239,-291.1174664418375
pen spinning,orientation z (degree),-282.7103567744839,-291.9691827814258
pen spinning,orientation z (degree),-285.8897290066338,-292.7548089982609
pen spinning,orientation z (degree),-289.64316232510765,-295.82636709771543
pen spinning,orientation z (degree),-294.04204198920894,-302.0821773193543
pen spinning,orientation z (degree),-299.1235368404067,-307.93082046063444
pen spinning,orientation z (degree),-305.1292501432764,-313.0267253449652
pen spinning,orientation z (degree),-311.51970383015765,-317.51117123194814
pen spinning,orientation z (degree),-314.26444155879545,-322.7409308848672
pen spinning,orientation z (degree),-317.984226306577,-327.3023606413753
pen spinning,orientation z (degree),-323.5282643685304,-328.85307769663336
pen spinning,orientation z (degree),-329.07095574714026,-329.7688503072331
pen spinning,orientation z (degree),-332.16526398510564,-330.7756015780648
pen spinning,orientation z (degree),-333.78162834145814,-331.3829077363328
pen spinning,orientation z (degree),-331.18054910952463,-328.77018810318884
pen spinning,orientation z (degree),-316.2176209841785,-317.35821010228005
pen spinning,orientation z (degree),-295.1901758845784,-289.29160691113213
pen spinning,orientation z (degree),-269.2498555666921,-240.024160256352
pen spinning,orientation z (degree),-234.8291964427336,-200.1444241895486
pen spinning,orientation z (degree),-165.13138744342436,-152.96894030673803
pen spinning,orientation z (degree),-123.030840026404,-135.8725574328137
pen spinning,orientation z (degree),-142.04342616638772,-135.6800923516375
pen spinning,orientation z (degree),-269.8561906009019,-232.002052737176
pen spinning,orientation z (degree),-284.232899110184,-298.4508504860819
pen spinning,orientation z (degree),-333.8569895736971,-339.99914428384665
pen spinning,orientation z (degree),-387.7191881208088,-372.41671556183854
pen spinning,orientation z (degree),-384.2915452626898,-375.3588361948104
pen spinning,orientation z (degree),-374.7645632165153,-371.26610913722567
pen spinning,orientation z (degree),-358.436729156598,-363.3686461392849
pen spinning,orientation z (degree),-352.7711883354279,-361.1633742774677
pen spinning,orientation z (degree),-356.7268430549092,-365.6197704581023
pen spinning,orientation z (degree),-365.65848475770366,-373.83799065977297
pen spinning,orientation z (degree),-374.9844323736489,-381.9915099009393
pen spinning,orientation z (degree),-385.5625322967298,-390.7024706766008
pen spinning,orientation z (degree),-398.0944146317517,-401.84998282759386
pen spinning,orientation z (degree),-409.8913714954517,-414.4404574167374
pen spinning,orientation z (degree),-419.81945622673686,-425.42399614754993
pen spinning,orientation z (degree),-429.6517347116954,-433.2335212391045
pen spinning,orientation z (degree),-439.7037282412712,-439.2968033624402
pen spinning,orientation z (degree),-449.5218073739657,-456.2717852199584
pen spinning,orientation z (degree),-458.2027866067773,-462.0780614090923
pen spinning,orientation z (degree),-465.3095199141444,-469.6884383543624
pen spinning,orientation z (degree),-475.5661501094997,-480.24766303067815
pen spinning,orientation z (degree),-486.11840921499663,-494.5415100080369
pen spinning,orientation z (degree),-495.5197885338847,-505.7099601063584
pen spinning,orientation z (degree),-506.2276322640011,-514.3864821774931
pen spinning,orientation z (degree),-518.2619245243354,-524.2575642713357
pen spinning,orientation z (degree),-530.3358675661382,-531.7541614878077
pen spinning,orientation z (degree),-540.1479657251338,-537.7978902036723
pen spinning,orientation z (degree),-546.8118273910451,-544.160438940807
pen spinning,orientation z (degree),-555.2141493939305,-551.8299705568425
pen spinning,orientation z (degree),-565.5806245387702,-559.7566102254237
pen spinning,orientation z (degree),-576.8282278421623,-567.8535423608732
pen spinning,orientation z (degree),-589.4853311772299,-576.272582405252
pen spinning,orientation z (degree),-600.9408705743015,-583.809611074328
pen spinning,orientation z (degree),-608.9121930072798,-589.1186411797928
pen spinning,orientation z (degree),-612.4757296908499,-591.3810898962946
pen spinning,orientation z (degree),-614.3919996199027,-597.8305983801554
pen spinning,orientation z (degree),-616.7719587798945,-603.2870732221572
pen spinning,orientation z (degree),-618.783004577408,-605.7457761005281
pen spinning,orientation z (degree),-620.1869080337603,-608.8680214513706
pen spinning,orientation z (degree),-626.8890733585457,-615.3306086485323
pen spinning,orientation z (degree),-634.8023562653547,-644.6169436114816
pen spinning,orientation z (degree),-641.9359682131354,-650.3539416557235
pen spinning,orientation z (degree),-649.6642523411997,-655.9089731132043
pen spinning,orientation z (degree),-657.9300628451264,-661.7813865627767
pen spinning,orientation z (degree),-666.6286513762267,-673.2397905596886
